Spotify URI,Voter ID,Created,Points Assigned,Comment,Round ID
spotify:track:01Lr5YepbgjXAWR9iOEyH1,322afbf1496d4fb2b5adda378cbd0ad6,2025-04-06T14:25:24Z,1,,4f339d91dc6b41e38c61b2ef8d9e3298
spotify:track:0nsR0uX0iQl2cNtodBrNC0,322afbf1496d4fb2b5adda378cbd0ad6,2025-04-06T14:25:24Z,1,,4f339d91dc6b41e38c61b2ef8d9e3298
spotify:track:2A1aS3mwuGuX2yk1bgxOvA,322afbf1496d4fb2b5adda378cbd0ad6,2025-04-06T14:25:24Z,1,,4f339d91dc6b41e38c61b2ef8d9e3298
spotify:track:5J44WjLWlXDhs9re4YO2f1,322afbf1496d4fb2b5adda378cbd0ad6,2025-04-06T14:25:24Z,1,,4f339d91dc6b41e38c61b2ef8d9e3298
spotify:track:6ekV6MGnPTuCOnjB4VcWGc,322afbf1496d4fb2b5adda378cbd0ad6,2025-04-06T14:25:24Z,1,,4f339d91dc6b41e38c61b2ef8d9e3298
spotify:track:3LpzTfYA23DZ2EVZMNObYD,2514636114c2431a903f1cad7eaf72e5,2025-04-06T17:12:53Z,0,"Stooki Sound only has 45k monthly listeners on Spotify and this song is from 2017. This is a cool submission. 

Btw, Stooki has an ""Echoes"" album, with six different remixes of this song. Is that normal for an EDM guy? How did you choose this one of the six?

Okay I just listened to all six. This one is definitely the most hype.

I have no idea who submitted this but thank you. Later edit: Oh, actually, its definitely Noah, right?",4f339d91dc6b41e38c61b2ef8d9e3298
spotify:track:01Lr5YepbgjXAWR9iOEyH1,2514636114c2431a903f1cad7eaf72e5,2025-04-06T17:12:53Z,0,"We used to listen to this song in my high school hockey locker room before games.

This is a good opportunity to remind everyone of the Golden Rule of music league. if you vote for my song, it means you have good music taste. But if you don't vote for my song it means you have bad music taste. 

",4f339d91dc6b41e38c61b2ef8d9e3298
spotify:track:0nsR0uX0iQl2cNtodBrNC0,2514636114c2431a903f1cad7eaf72e5,2025-04-06T17:12:53Z,1,"Mario Cart? No. It's a theme song from a 1986 movie (with 92% on Rotten Tomatoes, respect) about a small-town Indiana high school basketball team led by Gene Hackman. Apparently, it's been called one of the best sports movies ever made (but it's about an all all-white basketball team from Indiana ‚Äî really?). 

One reviewer from Time magazine wrote that Gene Hackman played a wonderful ""inarticulate man tense with struggle to curb a flaring, mysterious anger."" All signs point to Abe or Phil (HAHA)",4f339d91dc6b41e38c61b2ef8d9e3298
spotify:track:0wps7rop5iHwBo0rQZ2g9A,2514636114c2431a903f1cad7eaf72e5,2025-04-06T17:12:53Z,1,"""Drop it like the NASDAQ."" Pertinent. 

It's also already on my workout playlist. Despite this song reminding me of my sophomore year in high school, I'll toss you a vote. ",4f339d91dc6b41e38c61b2ef8d9e3298
spotify:track:20ubMMwoL8zs9hDZ149aPl,2514636114c2431a903f1cad7eaf72e5,2025-04-06T17:12:53Z,0,"""Me dijo un pajarito que te dejaste y que no quieres salir de la cama... v√≠stete, que vamo' a salir, ¬øo√≠ste?"" Esta canci√≥n es sobre animarse a alguien (;)) y sin duda es una buena elecci√≥n, pero solo tengo 5 votos. 

Corey told me he didn't submit this song (btw maybe we should make a rule about doing that. I also told corey I didn't submit this). But I don't know anyone else who's taken a spanish class so my guess is still Corey. ",4f339d91dc6b41e38c61b2ef8d9e3298
spotify:track:22L7bfCiAkJo5xGSQgmiIO,2514636114c2431a903f1cad7eaf72e5,2025-04-06T17:12:53Z,0,"Yah, this is a Kanye song

Matai?",4f339d91dc6b41e38c61b2ef8d9e3298
spotify:track:2A1aS3mwuGuX2yk1bgxOvA,2514636114c2431a903f1cad7eaf72e5,2025-04-06T17:12:53Z,1,"The Queen once said ""I don't know much about algebra but I know 1+1=2."" 

Songs with random counting and associated rhymes are oddly common in my liked songs on Spotify (Countdown, Emotional bruises, Nuthin‚Äô But A ‚ÄúG‚Äù Thang, 23 - Randy (my favorite) 11 PM - Maluma). 

The worst part of this song is that there is no rhyme for ""five."" A generous interpretation is that there's a slant rhyme with ""five"" and ""night."" Hear that ""i"" sound? 

Whatever. It's already BEEN on my workout playlist",4f339d91dc6b41e38c61b2ef8d9e3298
spotify:track:2gZUPNdnz5Y45eiGxpHGSc,2514636114c2431a903f1cad7eaf72e5,2025-04-06T17:12:53Z,0,"Look, if I were sloshed in a club and Jake reminded me that I had 49 minutes to submit an ""ultra hype"" music league song for the first week, I'd probably submit power by Kanye and leave a 9 character comment. 

That isn't to say Willie submitted this. But it says something that those circumstances would favor this submission.

Willie? Matai? Oh, actually, maybe Shappy.",4f339d91dc6b41e38c61b2ef8d9e3298
spotify:track:4xkOaSrkexMciUUogZKVTS,2514636114c2431a903f1cad7eaf72e5,2025-04-06T17:12:53Z,1,"If you had one shot or one opportunity, to submit the most hype Eminem song,  would you capture it or just let it slip? 

I think you let it slip. 

This is objectively a hype song. But it's arguably not even the most hype of Eminem's songs: Lose Yourself, Rap God, Soldier, Rabbit Run.

I can't (over)reward submitting a song that probably pops up when you google ""Ultra hype songs I should submit for my music league."" but you still get a vote because I'm shaking while listening to this song. ",4f339d91dc6b41e38c61b2ef8d9e3298
spotify:track:52LJ3hyknOijCrE5gCD0rE,2514636114c2431a903f1cad7eaf72e5,2025-04-06T17:12:53Z,1,"Thank you to this cultured, anonymous submitter. I never would have listened to this song again except for this music league submission. And that's what music league is all about.  

Guesses: Mason? Abe (because French)? Devon? ",4f339d91dc6b41e38c61b2ef8d9e3298
spotify:track:5J44WjLWlXDhs9re4YO2f1,2514636114c2431a903f1cad7eaf72e5,2025-04-06T17:12:53Z,0,"Another submission with random counting (in the first line! and twice in the first stanza(?)!). And LUNAX follows that up with ABC! 

If I had to choose the most hype song for kindergarteners, this would be it. ABC is repeated 23 times! I counted! And for what! ",4f339d91dc6b41e38c61b2ef8d9e3298
spotify:track:6ekV6MGnPTuCOnjB4VcWGc,2514636114c2431a903f1cad7eaf72e5,2025-04-06T17:12:53Z,0,Good song. Adding to my workout playlist,4f339d91dc6b41e38c61b2ef8d9e3298
spotify:track:5J44WjLWlXDhs9re4YO2f1,ed0161afb03b4ca1bec408592183e62a,2025-04-06T18:37:35Z,1,,4f339d91dc6b41e38c61b2ef8d9e3298
spotify:track:20ubMMwoL8zs9hDZ149aPl,ed0161afb03b4ca1bec408592183e62a,2025-04-06T18:37:35Z,3,,4f339d91dc6b41e38c61b2ef8d9e3298
spotify:track:2A1aS3mwuGuX2yk1bgxOvA,ed0161afb03b4ca1bec408592183e62a,2025-04-06T18:37:35Z,1,,4f339d91dc6b41e38c61b2ef8d9e3298
spotify:track:22L7bfCiAkJo5xGSQgmiIO,4797322ebba74139bb8dd84877d43b7b,2025-04-07T01:32:02Z,1,,4f339d91dc6b41e38c61b2ef8d9e3298
spotify:track:4xkOaSrkexMciUUogZKVTS,4797322ebba74139bb8dd84877d43b7b,2025-04-07T01:32:02Z,1,,4f339d91dc6b41e38c61b2ef8d9e3298
spotify:track:2gZUPNdnz5Y45eiGxpHGSc,4797322ebba74139bb8dd84877d43b7b,2025-04-07T01:32:02Z,1,,4f339d91dc6b41e38c61b2ef8d9e3298
spotify:track:5J44WjLWlXDhs9re4YO2f1,4797322ebba74139bb8dd84877d43b7b,2025-04-07T01:32:02Z,1,,4f339d91dc6b41e38c61b2ef8d9e3298
spotify:track:01Lr5YepbgjXAWR9iOEyH1,4797322ebba74139bb8dd84877d43b7b,2025-04-07T01:32:02Z,1,,4f339d91dc6b41e38c61b2ef8d9e3298
spotify:track:0nsR0uX0iQl2cNtodBrNC0,2365eaf4ec8543e6a865cfac9367d3ce,2025-04-08T05:26:42Z,1,,4f339d91dc6b41e38c61b2ef8d9e3298
spotify:track:4xkOaSrkexMciUUogZKVTS,2365eaf4ec8543e6a865cfac9367d3ce,2025-04-08T05:26:42Z,2,,4f339d91dc6b41e38c61b2ef8d9e3298
spotify:track:5J44WjLWlXDhs9re4YO2f1,2365eaf4ec8543e6a865cfac9367d3ce,2025-04-08T05:26:42Z,1,,4f339d91dc6b41e38c61b2ef8d9e3298
spotify:track:01Lr5YepbgjXAWR9iOEyH1,2365eaf4ec8543e6a865cfac9367d3ce,2025-04-08T05:26:42Z,1,"Sitting with this one
",4f339d91dc6b41e38c61b2ef8d9e3298
spotify:track:20ubMMwoL8zs9hDZ149aPl,2365eaf4ec8543e6a865cfac9367d3ce,2025-04-08T05:26:42Z,0,What does 'madre' mean?,4f339d91dc6b41e38c61b2ef8d9e3298
spotify:track:0wps7rop5iHwBo0rQZ2g9A,344513fa126c435d8c9d18a70e8c43c8,2025-04-09T17:14:23Z,2,,4f339d91dc6b41e38c61b2ef8d9e3298
spotify:track:20ubMMwoL8zs9hDZ149aPl,344513fa126c435d8c9d18a70e8c43c8,2025-04-09T17:14:23Z,1,,4f339d91dc6b41e38c61b2ef8d9e3298
spotify:track:4xkOaSrkexMciUUogZKVTS,344513fa126c435d8c9d18a70e8c43c8,2025-04-09T17:14:23Z,2,,4f339d91dc6b41e38c61b2ef8d9e3298
spotify:track:0nsR0uX0iQl2cNtodBrNC0,8e9a5b80ce6647e990d5f3804f53781e,2025-04-10T14:10:23Z,1,Phil or Luis or Abe. Bangs,4f339d91dc6b41e38c61b2ef8d9e3298
spotify:track:0wps7rop5iHwBo0rQZ2g9A,8e9a5b80ce6647e990d5f3804f53781e,2025-04-10T14:10:23Z,0,This shit hit when I was 14,4f339d91dc6b41e38c61b2ef8d9e3298
spotify:track:20ubMMwoL8zs9hDZ149aPl,8e9a5b80ce6647e990d5f3804f53781e,2025-04-10T14:10:23Z,0,"Fem queen, runway
Realness all the way
Butch queen all the way
Sex siren, give me face
Fem queen, runway
Realness all the way
Butch queen all the way
Sex siren, give me face",4f339d91dc6b41e38c61b2ef8d9e3298
spotify:track:22L7bfCiAkJo5xGSQgmiIO,8e9a5b80ce6647e990d5f3804f53781e,2025-04-10T14:10:23Z,1,Nooooo don't become a nazi your so sexy aha,4f339d91dc6b41e38c61b2ef8d9e3298
spotify:track:01Lr5YepbgjXAWR9iOEyH1,8e9a5b80ce6647e990d5f3804f53781e,2025-04-10T14:10:23Z,1,Intro remains special. A Matai or Devon pick,4f339d91dc6b41e38c61b2ef8d9e3298
spotify:track:2A1aS3mwuGuX2yk1bgxOvA,8e9a5b80ce6647e990d5f3804f53781e,2025-04-10T14:10:23Z,0,I think this is Mason just based on the description,4f339d91dc6b41e38c61b2ef8d9e3298
spotify:track:2gZUPNdnz5Y45eiGxpHGSc,8e9a5b80ce6647e990d5f3804f53781e,2025-04-10T14:10:23Z,0,I prefer All of the Lights for this purpose,4f339d91dc6b41e38c61b2ef8d9e3298
spotify:track:3LpzTfYA23DZ2EVZMNObYD,8e9a5b80ce6647e990d5f3804f53781e,2025-04-10T14:10:23Z,1,I liked this one,4f339d91dc6b41e38c61b2ef8d9e3298
spotify:track:52LJ3hyknOijCrE5gCD0rE,8e9a5b80ce6647e990d5f3804f53781e,2025-04-10T14:10:23Z,1,Banger - I think this is Martin or Luis,4f339d91dc6b41e38c61b2ef8d9e3298
spotify:track:52LJ3hyknOijCrE5gCD0rE,4a85b1376c014463baddf7ef333ee0f6,2025-04-10T14:14:40Z,1,,4f339d91dc6b41e38c61b2ef8d9e3298
spotify:track:01Lr5YepbgjXAWR9iOEyH1,4a85b1376c014463baddf7ef333ee0f6,2025-04-10T14:14:40Z,1,,4f339d91dc6b41e38c61b2ef8d9e3298
spotify:track:0nsR0uX0iQl2cNtodBrNC0,4a85b1376c014463baddf7ef333ee0f6,2025-04-10T14:14:40Z,1,This song really makes you feel like ohio,4f339d91dc6b41e38c61b2ef8d9e3298
spotify:track:0wps7rop5iHwBo0rQZ2g9A,4a85b1376c014463baddf7ef333ee0f6,2025-04-10T14:14:40Z,1,Timeless banger,4f339d91dc6b41e38c61b2ef8d9e3298
spotify:track:2A1aS3mwuGuX2yk1bgxOvA,4a85b1376c014463baddf7ef333ee0f6,2025-04-10T14:14:40Z,1,,4f339d91dc6b41e38c61b2ef8d9e3298
spotify:track:01Lr5YepbgjXAWR9iOEyH1,7ff3d00e1d8444bcb0e9e838599f42b9,2025-04-11T01:22:11Z,1,,4f339d91dc6b41e38c61b2ef8d9e3298
spotify:track:0nsR0uX0iQl2cNtodBrNC0,7ff3d00e1d8444bcb0e9e838599f42b9,2025-04-11T01:22:11Z,1,,4f339d91dc6b41e38c61b2ef8d9e3298
spotify:track:20ubMMwoL8zs9hDZ149aPl,7ff3d00e1d8444bcb0e9e838599f42b9,2025-04-11T01:22:11Z,1,,4f339d91dc6b41e38c61b2ef8d9e3298
spotify:track:3LpzTfYA23DZ2EVZMNObYD,7ff3d00e1d8444bcb0e9e838599f42b9,2025-04-11T01:22:11Z,1,,4f339d91dc6b41e38c61b2ef8d9e3298
spotify:track:4xkOaSrkexMciUUogZKVTS,7ff3d00e1d8444bcb0e9e838599f42b9,2025-04-11T01:22:11Z,1,,4f339d91dc6b41e38c61b2ef8d9e3298
spotify:track:22L7bfCiAkJo5xGSQgmiIO,5849de8755994223a0339ba8e58b291a,2025-04-11T02:28:57Z,1,,4f339d91dc6b41e38c61b2ef8d9e3298
spotify:track:2A1aS3mwuGuX2yk1bgxOvA,5849de8755994223a0339ba8e58b291a,2025-04-11T02:28:57Z,0,Drop was lacking the hype I was hoping for/ expecting. ,4f339d91dc6b41e38c61b2ef8d9e3298
spotify:track:2gZUPNdnz5Y45eiGxpHGSc,5849de8755994223a0339ba8e58b291a,2025-04-11T02:28:57Z,2,,4f339d91dc6b41e38c61b2ef8d9e3298
spotify:track:4xkOaSrkexMciUUogZKVTS,5849de8755994223a0339ba8e58b291a,2025-04-11T02:28:57Z,1,,4f339d91dc6b41e38c61b2ef8d9e3298
spotify:track:6ekV6MGnPTuCOnjB4VcWGc,5849de8755994223a0339ba8e58b291a,2025-04-11T02:28:57Z,1,My friends and I thought we were SOOOO fucking cool blasting this out of our cars in high school,4f339d91dc6b41e38c61b2ef8d9e3298
spotify:track:01Lr5YepbgjXAWR9iOEyH1,625a8e9783544e6f82716b1d55cfae43,2025-04-11T03:41:00Z,1,Perhaps the best into to any song ever,4f339d91dc6b41e38c61b2ef8d9e3298
spotify:track:0wps7rop5iHwBo0rQZ2g9A,625a8e9783544e6f82716b1d55cfae43,2025-04-11T03:41:00Z,1,I don‚Äôt think any other song ever written gives me this specific combination of hype and angry ,4f339d91dc6b41e38c61b2ef8d9e3298
spotify:track:5J44WjLWlXDhs9re4YO2f1,625a8e9783544e6f82716b1d55cfae43,2025-04-11T03:41:00Z,3,Heard this song in the gym and was physically unable to stop my set until it ended 10/10,4f339d91dc6b41e38c61b2ef8d9e3298
spotify:track:201iZtGIuYkMeIpAcnw9iZ,322afbf1496d4fb2b5adda378cbd0ad6,2025-04-16T15:11:02Z,1,,c5bba75d3a904c828eea82a30f8bd6a0
spotify:track:0vSuw3O8VfBYXEAXK9I0xL,322afbf1496d4fb2b5adda378cbd0ad6,2025-04-16T15:11:02Z,1,,c5bba75d3a904c828eea82a30f8bd6a0
spotify:track:0mH15Ip94oVgvL6MWv2uON,322afbf1496d4fb2b5adda378cbd0ad6,2025-04-16T15:11:02Z,1,,c5bba75d3a904c828eea82a30f8bd6a0
spotify:track:0Cz964b8LrftAEoactDCC9,322afbf1496d4fb2b5adda378cbd0ad6,2025-04-16T15:11:02Z,1,,c5bba75d3a904c828eea82a30f8bd6a0
spotify:track:22kwPHgIvmPlPPigFXewZE,322afbf1496d4fb2b5adda378cbd0ad6,2025-04-16T15:11:02Z,1,,c5bba75d3a904c828eea82a30f8bd6a0
spotify:track:6qBkgf34enQ1CdaXDy46yr,4797322ebba74139bb8dd84877d43b7b,2025-04-16T20:50:35Z,1,,c5bba75d3a904c828eea82a30f8bd6a0
spotify:track:201iZtGIuYkMeIpAcnw9iZ,4797322ebba74139bb8dd84877d43b7b,2025-04-16T20:50:35Z,4,,c5bba75d3a904c828eea82a30f8bd6a0
spotify:track:6qBkgf34enQ1CdaXDy46yr,ed0161afb03b4ca1bec408592183e62a,2025-04-17T01:29:05Z,1,,c5bba75d3a904c828eea82a30f8bd6a0
spotify:track:0vSuw3O8VfBYXEAXK9I0xL,ed0161afb03b4ca1bec408592183e62a,2025-04-17T01:29:05Z,1,,c5bba75d3a904c828eea82a30f8bd6a0
spotify:track:22kwPHgIvmPlPPigFXewZE,ed0161afb03b4ca1bec408592183e62a,2025-04-17T01:29:05Z,2,,c5bba75d3a904c828eea82a30f8bd6a0
spotify:track:2UuKVwCzY5DG1nGQ9BBjOT,ed0161afb03b4ca1bec408592183e62a,2025-04-17T01:29:05Z,1,,c5bba75d3a904c828eea82a30f8bd6a0
spotify:track:2UuKVwCzY5DG1nGQ9BBjOT,4a85b1376c014463baddf7ef333ee0f6,2025-04-17T04:55:26Z,0,Is this Diana's band lol,c5bba75d3a904c828eea82a30f8bd6a0
spotify:track:3UO5W2CpGtPhMAT1t30mUN,4a85b1376c014463baddf7ef333ee0f6,2025-04-17T04:55:26Z,1,Gotta be an Abe pull,c5bba75d3a904c828eea82a30f8bd6a0
spotify:track:6qBkgf34enQ1CdaXDy46yr,4a85b1376c014463baddf7ef333ee0f6,2025-04-17T04:55:26Z,0,The best to ever do it,c5bba75d3a904c828eea82a30f8bd6a0
spotify:track:0mH15Ip94oVgvL6MWv2uON,4a85b1376c014463baddf7ef333ee0f6,2025-04-17T04:55:26Z,0,Terraria type beat,c5bba75d3a904c828eea82a30f8bd6a0
spotify:track:0Cz964b8LrftAEoactDCC9,4a85b1376c014463baddf7ef333ee0f6,2025-04-17T04:55:26Z,1,Drop goes crazy,c5bba75d3a904c828eea82a30f8bd6a0
spotify:track:0vSuw3O8VfBYXEAXK9I0xL,4a85b1376c014463baddf7ef333ee0f6,2025-04-17T04:55:26Z,1,Funky bassline and cool math rock guitar I dig it,c5bba75d3a904c828eea82a30f8bd6a0
spotify:track:1JwxWRoa16CzSnKFiF3pq8,4a85b1376c014463baddf7ef333ee0f6,2025-04-17T04:55:26Z,1,Shawty be the new she  Gucci like my shoes,c5bba75d3a904c828eea82a30f8bd6a0
spotify:track:201iZtGIuYkMeIpAcnw9iZ,4a85b1376c014463baddf7ef333ee0f6,2025-04-17T04:55:26Z,1,,c5bba75d3a904c828eea82a30f8bd6a0
spotify:track:7tn2CdNNYCQutYmqihNqNe,8e9a5b80ce6647e990d5f3804f53781e,2025-04-17T17:18:38Z,1,I like the guitar but if I wanted to listen to John Mayer I‚Äôd do that. You‚Äôd like Sky Blue Sky by Wilco if you liked this one.,c5bba75d3a904c828eea82a30f8bd6a0
spotify:track:0Cz964b8LrftAEoactDCC9,8e9a5b80ce6647e990d5f3804f53781e,2025-04-17T17:18:38Z,0,This song is so good. Fuck you. A girl from Hinge I dated for a month sent me this. Thanks Kasey.,c5bba75d3a904c828eea82a30f8bd6a0
spotify:track:0mH15Ip94oVgvL6MWv2uON,8e9a5b80ce6647e990d5f3804f53781e,2025-04-17T17:18:38Z,1,,c5bba75d3a904c828eea82a30f8bd6a0
spotify:track:4m8p2XWWJ1Opf0FE0YROOm,8e9a5b80ce6647e990d5f3804f53781e,2025-04-17T17:18:38Z,0,I see why they have so few listeners,c5bba75d3a904c828eea82a30f8bd6a0
spotify:track:4U7Mih8jHL0v5g6oksHMBm,8e9a5b80ce6647e990d5f3804f53781e,2025-04-17T17:18:38Z,1,,c5bba75d3a904c828eea82a30f8bd6a0
spotify:track:6qBkgf34enQ1CdaXDy46yr,8e9a5b80ce6647e990d5f3804f53781e,2025-04-17T17:18:38Z,2,Luis.,c5bba75d3a904c828eea82a30f8bd6a0
spotify:track:22kwPHgIvmPlPPigFXewZE,344513fa126c435d8c9d18a70e8c43c8,2025-04-17T18:51:04Z,0,honestly didn't realise FIZZ had so few listeners. This song is a masterpiece of the two singers.,c5bba75d3a904c828eea82a30f8bd6a0
spotify:track:2UuKVwCzY5DG1nGQ9BBjOT,344513fa126c435d8c9d18a70e8c43c8,2025-04-17T18:51:04Z,1,"If I had to to guess who submitted this song, I'd try to pinpoint the biggest romantic in this league... so I think Mason submitted it.
I ended up liking this song more and more",c5bba75d3a904c828eea82a30f8bd6a0
spotify:track:3UO5W2CpGtPhMAT1t30mUN,344513fa126c435d8c9d18a70e8c43c8,2025-04-17T18:51:04Z,0,"Upbeat, positive vibes song. I've no idea what they're saying but I imagine its something like ""seize the day, you go boy, go get that bag, you're so cool"". The instrumental background kinda sounds like bubbles. Personally, I dislike fade outs at the end of songs tho... 
For some reason, I'm feeling Jake submitted this one",c5bba75d3a904c828eea82a30f8bd6a0
spotify:track:4m8p2XWWJ1Opf0FE0YROOm,344513fa126c435d8c9d18a70e8c43c8,2025-04-17T18:51:04Z,0,"I wouldn't be surprised if this band moved from their wealthy parents homes in the suburbs of SoCal to the heart of LA to live in nice apartments their parents still pay for. They're trying... so shout out them... but I'm not sure if they got anything special standing out for them. 
I just looked up where they're from. They're actually from Florida, so I was wrong. Still, they might've missed the era of boy bands
I've no idea who submitted it, but I'll just guess its Devon bc Florida",c5bba75d3a904c828eea82a30f8bd6a0
spotify:track:4U7Mih8jHL0v5g6oksHMBm,344513fa126c435d8c9d18a70e8c43c8,2025-04-17T18:51:04Z,1,"The bass line is what keeps in this song. Its a good vibes song.
Not confident in this guess, but Aaron?",c5bba75d3a904c828eea82a30f8bd6a0
spotify:track:6qBkgf34enQ1CdaXDy46yr,344513fa126c435d8c9d18a70e8c43c8,2025-04-17T18:51:04Z,0,"I didn't listen the lyrics the first time because I was so entranced in the instrumentals.... the lyrics definitely change the vibe of the song. Still would listen tho.
Abe?

Notice how the song didn't just fade out... @Tameryalesh",c5bba75d3a904c828eea82a30f8bd6a0
spotify:track:7tn2CdNNYCQutYmqihNqNe,344513fa126c435d8c9d18a70e8c43c8,2025-04-17T18:51:04Z,1,"This song fucks.
Willie?",c5bba75d3a904c828eea82a30f8bd6a0
spotify:track:0Cz964b8LrftAEoactDCC9,344513fa126c435d8c9d18a70e8c43c8,2025-04-17T18:51:04Z,2,"This song's vibes are a roller coaster but im absolutely enjoying the ride. The electro-acoustic mixed with the overloading guitar and trumpets is the kind of musical mumbo jumbo that Luis would love.... honestly I love it too.
This has gotta be luis",c5bba75d3a904c828eea82a30f8bd6a0
spotify:track:0mH15Ip94oVgvL6MWv2uON,344513fa126c435d8c9d18a70e8c43c8,2025-04-17T18:51:04Z,0,"Very chill, very bubbly. 
Josie?",c5bba75d3a904c828eea82a30f8bd6a0
spotify:track:0vSuw3O8VfBYXEAXK9I0xL,344513fa126c435d8c9d18a70e8c43c8,2025-04-17T18:51:04Z,0,"This person has 16 month listeners wtf. One of the better songs this week, shoutout. 
My guess: Zach",c5bba75d3a904c828eea82a30f8bd6a0
spotify:track:1JwxWRoa16CzSnKFiF3pq8,344513fa126c435d8c9d18a70e8c43c8,2025-04-17T18:51:04Z,0,"Gotta be Noah. 
Also the beat really reminds me of Charmander by Amin√©. It's a little too close to the beat, I just kept thinking about that song the whole time instead of this one that I'm listening to",c5bba75d3a904c828eea82a30f8bd6a0
spotify:track:201iZtGIuYkMeIpAcnw9iZ,344513fa126c435d8c9d18a70e8c43c8,2025-04-17T18:51:04Z,0,"I was running when I first heard this song. I felt like I was in red dead redemption 2 and i started running a bit more cowboy swagalicous tbh. The melody from the violins tickles my brain... anyways. 
This has got to be Phil. rdrd2 -> phil mental pipeline",c5bba75d3a904c828eea82a30f8bd6a0
spotify:track:4U7Mih8jHL0v5g6oksHMBm,2365eaf4ec8543e6a865cfac9367d3ce,2025-04-18T19:54:56Z,1,,c5bba75d3a904c828eea82a30f8bd6a0
spotify:track:0vSuw3O8VfBYXEAXK9I0xL,2365eaf4ec8543e6a865cfac9367d3ce,2025-04-18T19:54:56Z,2,Talented young man ,c5bba75d3a904c828eea82a30f8bd6a0
spotify:track:2UuKVwCzY5DG1nGQ9BBjOT,2365eaf4ec8543e6a865cfac9367d3ce,2025-04-18T19:54:56Z,1,,c5bba75d3a904c828eea82a30f8bd6a0
spotify:track:6qBkgf34enQ1CdaXDy46yr,2365eaf4ec8543e6a865cfac9367d3ce,2025-04-18T19:54:56Z,1,,c5bba75d3a904c828eea82a30f8bd6a0
spotify:track:0vSuw3O8VfBYXEAXK9I0xL,2514636114c2431a903f1cad7eaf72e5,2025-04-19T14:16:14Z,1,"This is a really good song haha who are these people and what is your connection to them

Luis? ",c5bba75d3a904c828eea82a30f8bd6a0
spotify:track:2UuKVwCzY5DG1nGQ9BBjOT,2514636114c2431a903f1cad7eaf72e5,2025-04-19T14:16:14Z,1,Have to support the alums tell us who it is ,c5bba75d3a904c828eea82a30f8bd6a0
spotify:track:3UO5W2CpGtPhMAT1t30mUN,2514636114c2431a903f1cad7eaf72e5,2025-04-19T14:16:14Z,2,Genuinely a good song. I added it to my liked songs on Spotify. This is a crazy submission. I have no idea who this is. Where did you hear of Gossaye Tesfaye,c5bba75d3a904c828eea82a30f8bd6a0
spotify:track:6qBkgf34enQ1CdaXDy46yr,2514636114c2431a903f1cad7eaf72e5,2025-04-19T14:16:14Z,1,"I know for a fact you thought you'd have the best fringe submission from an African artist this week. Genuinely funny that you submitted the second best fringe song from an African artist. I have actually heard of Francis Bebey before ‚Äì I've watched that one note bamboo flute video, probably at 2am before going to sleep, it's one of those videos, you know. Maybe I saw it on Tiktok, actually? Not sure

No idea who submitted anything this week

Phil",c5bba75d3a904c828eea82a30f8bd6a0
spotify:track:0mH15Ip94oVgvL6MWv2uON,2514636114c2431a903f1cad7eaf72e5,2025-04-19T14:16:14Z,0,Cool album cover,c5bba75d3a904c828eea82a30f8bd6a0
spotify:track:22kwPHgIvmPlPPigFXewZE,52930c8ae91c4540b6b32838f7cad3c6,2025-04-20T19:01:29Z,1,,c5bba75d3a904c828eea82a30f8bd6a0
spotify:track:4U7Mih8jHL0v5g6oksHMBm,52930c8ae91c4540b6b32838f7cad3c6,2025-04-20T19:01:29Z,2,,c5bba75d3a904c828eea82a30f8bd6a0
spotify:track:6qBkgf34enQ1CdaXDy46yr,52930c8ae91c4540b6b32838f7cad3c6,2025-04-20T19:01:29Z,1,,c5bba75d3a904c828eea82a30f8bd6a0
spotify:track:7tn2CdNNYCQutYmqihNqNe,52930c8ae91c4540b6b32838f7cad3c6,2025-04-20T19:01:29Z,1,,c5bba75d3a904c828eea82a30f8bd6a0
spotify:track:3UO5W2CpGtPhMAT1t30mUN,5849de8755994223a0339ba8e58b291a,2025-04-20T19:55:40Z,0,Gotta be Devon,c5bba75d3a904c828eea82a30f8bd6a0
spotify:track:6qBkgf34enQ1CdaXDy46yr,5849de8755994223a0339ba8e58b291a,2025-04-20T19:55:40Z,1,"This got me moving so it gets a vote for sure. Noah, this you?",c5bba75d3a904c828eea82a30f8bd6a0
spotify:track:2UuKVwCzY5DG1nGQ9BBjOT,5849de8755994223a0339ba8e58b291a,2025-04-20T19:55:40Z,0,Professor Moore would call this an ‚Äúironic‚Äù song because of the sad lyrics and happy beat,c5bba75d3a904c828eea82a30f8bd6a0
spotify:track:201iZtGIuYkMeIpAcnw9iZ,5849de8755994223a0339ba8e58b291a,2025-04-20T19:55:40Z,0,I believe this is from one Zach Jonas,c5bba75d3a904c828eea82a30f8bd6a0
spotify:track:0vSuw3O8VfBYXEAXK9I0xL,5849de8755994223a0339ba8e58b291a,2025-04-20T19:55:40Z,1,,c5bba75d3a904c828eea82a30f8bd6a0
spotify:track:0mH15Ip94oVgvL6MWv2uON,5849de8755994223a0339ba8e58b291a,2025-04-20T19:55:40Z,1,This feels Summer 2018 in a way that I find super refreshing. Corey?,c5bba75d3a904c828eea82a30f8bd6a0
spotify:track:0Cz964b8LrftAEoactDCC9,5849de8755994223a0339ba8e58b291a,2025-04-20T19:55:40Z,2,I really love the horns in this song. There‚Äôs something really beautiful about the transition from that chaotic dissonance to the upbeat (synths?). Phil?,c5bba75d3a904c828eea82a30f8bd6a0
spotify:track:2UuKVwCzY5DG1nGQ9BBjOT,7ff3d00e1d8444bcb0e9e838599f42b9,2025-04-20T23:22:52Z,1,sounds like it could be straight out of some musical this is super dope all the instruments make a lot going on but i still think it all fits well,c5bba75d3a904c828eea82a30f8bd6a0
spotify:track:3UO5W2CpGtPhMAT1t30mUN,7ff3d00e1d8444bcb0e9e838599f42b9,2025-04-20T23:22:52Z,0,It def does sound like a morning song I like the rhythm of the pianos just short quick and to the point,c5bba75d3a904c828eea82a30f8bd6a0
spotify:track:4m8p2XWWJ1Opf0FE0YROOm,7ff3d00e1d8444bcb0e9e838599f42b9,2025-04-20T23:22:52Z,1,Definitely more my style of genre I‚Äôm familiar with. Thid chorus is absolute fire with the guitar riff after too sheesh ,c5bba75d3a904c828eea82a30f8bd6a0
spotify:track:4U7Mih8jHL0v5g6oksHMBm,7ff3d00e1d8444bcb0e9e838599f42b9,2025-04-20T23:22:52Z,1,This guy has potential forsure love the bassline with the beat gives me a bit of throwback vibe,c5bba75d3a904c828eea82a30f8bd6a0
spotify:track:6qBkgf34enQ1CdaXDy46yr,7ff3d00e1d8444bcb0e9e838599f42b9,2025-04-20T23:22:52Z,1,Vibey. Love the instruments used in this one gets a vote off that alone,c5bba75d3a904c828eea82a30f8bd6a0
spotify:track:7tn2CdNNYCQutYmqihNqNe,7ff3d00e1d8444bcb0e9e838599f42b9,2025-04-20T23:22:52Z,0,"I like the la da das and when he goes higher on the vocals, just vibed well with the p simple beat in background",c5bba75d3a904c828eea82a30f8bd6a0
spotify:track:0Cz964b8LrftAEoactDCC9,7ff3d00e1d8444bcb0e9e838599f42b9,2025-04-20T23:22:52Z,0,I did like the chill parts of the instrumental and the vocal mix but I got blasted by that construction site drilling noises or whatever that was,c5bba75d3a904c828eea82a30f8bd6a0
spotify:track:0mH15Ip94oVgvL6MWv2uON,7ff3d00e1d8444bcb0e9e838599f42b9,2025-04-20T23:22:52Z,0,The synth sound was crazy and the vocal range was impressive ,c5bba75d3a904c828eea82a30f8bd6a0
spotify:track:0vSuw3O8VfBYXEAXK9I0xL,7ff3d00e1d8444bcb0e9e838599f42b9,2025-04-20T23:22:52Z,1,I really liked the vibe of this whole song. There was a lot going on in it and certainly isn‚Äôt something I typically listen to but nonetheless I enjoyed it. Clean guitar too ,c5bba75d3a904c828eea82a30f8bd6a0
spotify:track:201iZtGIuYkMeIpAcnw9iZ,7ff3d00e1d8444bcb0e9e838599f42b9,2025-04-20T23:22:52Z,0,I don‚Äôt feel educated enough on country/folk type songs unless its for line dancing but solid voice that violin/fiddle a bit too loud tho,c5bba75d3a904c828eea82a30f8bd6a0
spotify:track:22kwPHgIvmPlPPigFXewZE,7ff3d00e1d8444bcb0e9e838599f42b9,2025-04-20T23:22:52Z,0,The part past 2:00 was actually solid and unexpected this whole song certainly lives up to its title,c5bba75d3a904c828eea82a30f8bd6a0
spotify:track:0nghE8iUqF4SkTaMqQNxiG,4797322ebba74139bb8dd84877d43b7b,2025-04-24T04:42:59Z,1,,c5895b83359b434492ed7f482b12bab0
spotify:track:3WFws3oOSjEdLPCF0IzDna,4797322ebba74139bb8dd84877d43b7b,2025-04-24T04:42:59Z,1,So bad it‚Äôs good? Yes!,c5895b83359b434492ed7f482b12bab0
spotify:track:5n8Aro6j1bEGIy7Tpo7FV7,4797322ebba74139bb8dd84877d43b7b,2025-04-24T04:42:59Z,1,,c5895b83359b434492ed7f482b12bab0
spotify:track:6ZU9RJIZ0fNaFuQM57bDIA,4797322ebba74139bb8dd84877d43b7b,2025-04-24T04:42:59Z,2,,c5895b83359b434492ed7f482b12bab0
spotify:track:0nghE8iUqF4SkTaMqQNxiG,322afbf1496d4fb2b5adda378cbd0ad6,2025-04-24T14:38:43Z,1,,c5895b83359b434492ed7f482b12bab0
spotify:track:19TOAlTFq0NDHvUPQR0tkr,322afbf1496d4fb2b5adda378cbd0ad6,2025-04-24T14:38:43Z,1,,c5895b83359b434492ed7f482b12bab0
spotify:track:2NmZu0q7WEz96ZV1frglUN,322afbf1496d4fb2b5adda378cbd0ad6,2025-04-24T14:38:43Z,1,,c5895b83359b434492ed7f482b12bab0
spotify:track:547IKdQWZcG4KUnHtlkWiv,322afbf1496d4fb2b5adda378cbd0ad6,2025-04-24T14:38:43Z,1,,c5895b83359b434492ed7f482b12bab0
spotify:track:5gmcaEhbxWQcELdxZkGCTr,322afbf1496d4fb2b5adda378cbd0ad6,2025-04-24T14:38:43Z,1,,c5895b83359b434492ed7f482b12bab0
spotify:track:41WDvgF7RgCXfLN9iKWVhp,ed0161afb03b4ca1bec408592183e62a,2025-04-26T02:50:25Z,1,,c5895b83359b434492ed7f482b12bab0
spotify:track:547IKdQWZcG4KUnHtlkWiv,ed0161afb03b4ca1bec408592183e62a,2025-04-26T02:50:25Z,2,,c5895b83359b434492ed7f482b12bab0
spotify:track:6ZU9RJIZ0fNaFuQM57bDIA,ed0161afb03b4ca1bec408592183e62a,2025-04-26T02:50:25Z,2,,c5895b83359b434492ed7f482b12bab0
spotify:track:0GSU6yLOJqO10ziQuBLWOE,8e9a5b80ce6647e990d5f3804f53781e,2025-04-26T15:01:40Z,1,https://m.youtube.com/watch?v=dEI7oX0XxJw,c5895b83359b434492ed7f482b12bab0
spotify:track:19TOAlTFq0NDHvUPQR0tkr,8e9a5b80ce6647e990d5f3804f53781e,2025-04-26T15:01:40Z,1,This is a really funny pick so I'm giving it one vote. I originally added the original version because I have to make my own playlist on apple music. This version is way better.,c5895b83359b434492ed7f482b12bab0
spotify:track:4S8XnWUEo70SgylOTjhbM3,8e9a5b80ce6647e990d5f3804f53781e,2025-04-26T15:01:40Z,1,,c5895b83359b434492ed7f482b12bab0
spotify:track:547IKdQWZcG4KUnHtlkWiv,8e9a5b80ce6647e990d5f3804f53781e,2025-04-26T15:01:40Z,0,This is a nice song but it's not banworthy,c5895b83359b434492ed7f482b12bab0
spotify:track:5gmcaEhbxWQcELdxZkGCTr,8e9a5b80ce6647e990d5f3804f53781e,2025-04-26T15:01:40Z,0,Dems might ban this too just cause it‚Äôs terrible ,c5895b83359b434492ed7f482b12bab0
spotify:track:5n8Aro6j1bEGIy7Tpo7FV7,8e9a5b80ce6647e990d5f3804f53781e,2025-04-26T15:01:40Z,1,Iconic banger. I think the intro is underrated. Only knock is that it's a slightly predictable choice for the prompt.,c5895b83359b434492ed7f482b12bab0
spotify:track:6ZU9RJIZ0fNaFuQM57bDIA,8e9a5b80ce6647e990d5f3804f53781e,2025-04-26T15:01:40Z,0,"""I warm my hands upon the flames of the flag"" was the line that motivated this submission. I've been bumping this all week though I think I should've submitted it as my hype song. Type of song that makes you want to throw various items in a public square and assault a police officer.",c5895b83359b434492ed7f482b12bab0
spotify:track:7ni78Vjslqo2VxiDOahYlV,8e9a5b80ce6647e990d5f3804f53781e,2025-04-26T15:01:40Z,1,,c5895b83359b434492ed7f482b12bab0
spotify:track:0GSU6yLOJqO10ziQuBLWOE,344513fa126c435d8c9d18a70e8c43c8,2025-04-27T04:17:09Z,1,,c5895b83359b434492ed7f482b12bab0
spotify:track:0nghE8iUqF4SkTaMqQNxiG,344513fa126c435d8c9d18a70e8c43c8,2025-04-27T04:17:09Z,0,This lowkey is catchy,c5895b83359b434492ed7f482b12bab0
spotify:track:2NmZu0q7WEz96ZV1frglUN,344513fa126c435d8c9d18a70e8c43c8,2025-04-27T04:17:09Z,0,I vibe,c5895b83359b434492ed7f482b12bab0
spotify:track:3WFws3oOSjEdLPCF0IzDna,344513fa126c435d8c9d18a70e8c43c8,2025-04-27T04:17:09Z,0,my girlfriend literally told me to stop playing this song,c5895b83359b434492ed7f482b12bab0
spotify:track:4S8XnWUEo70SgylOTjhbM3,344513fa126c435d8c9d18a70e8c43c8,2025-04-27T04:17:09Z,0,This is culture,c5895b83359b434492ed7f482b12bab0
spotify:track:5gmcaEhbxWQcELdxZkGCTr,344513fa126c435d8c9d18a70e8c43c8,2025-04-27T04:17:09Z,0,No thanks,c5895b83359b434492ed7f482b12bab0
spotify:track:5n8Aro6j1bEGIy7Tpo7FV7,344513fa126c435d8c9d18a70e8c43c8,2025-04-27T04:17:09Z,1,Also classic,c5895b83359b434492ed7f482b12bab0
spotify:track:6ZU9RJIZ0fNaFuQM57bDIA,344513fa126c435d8c9d18a70e8c43c8,2025-04-27T04:17:09Z,1,Vote because rage against the machine ,c5895b83359b434492ed7f482b12bab0
spotify:track:7ni78Vjslqo2VxiDOahYlV,344513fa126c435d8c9d18a70e8c43c8,2025-04-27T04:17:09Z,2,An absolutely iconic song,c5895b83359b434492ed7f482b12bab0
spotify:track:0nghE8iUqF4SkTaMqQNxiG,2365eaf4ec8543e6a865cfac9367d3ce,2025-04-27T17:10:33Z,1,,c5895b83359b434492ed7f482b12bab0
spotify:track:19TOAlTFq0NDHvUPQR0tkr,2365eaf4ec8543e6a865cfac9367d3ce,2025-04-27T17:10:33Z,1,,c5895b83359b434492ed7f482b12bab0
spotify:track:4S8XnWUEo70SgylOTjhbM3,2365eaf4ec8543e6a865cfac9367d3ce,2025-04-27T17:10:33Z,1,,c5895b83359b434492ed7f482b12bab0
spotify:track:547IKdQWZcG4KUnHtlkWiv,2365eaf4ec8543e6a865cfac9367d3ce,2025-04-27T17:10:33Z,0,"If he bans this, he will have my vote in 2028",c5895b83359b434492ed7f482b12bab0
spotify:track:5n8Aro6j1bEGIy7Tpo7FV7,2365eaf4ec8543e6a865cfac9367d3ce,2025-04-27T17:10:33Z,1,,c5895b83359b434492ed7f482b12bab0
spotify:track:7ni78Vjslqo2VxiDOahYlV,2365eaf4ec8543e6a865cfac9367d3ce,2025-04-27T17:10:33Z,1,"Dick and Jane 1, Gil Scott-Heron 0 ",c5895b83359b434492ed7f482b12bab0
spotify:track:0nghE8iUqF4SkTaMqQNxiG,4a85b1376c014463baddf7ef333ee0f6,2025-04-27T18:18:59Z,1,The chorus is so catchy,c5895b83359b434492ed7f482b12bab0
spotify:track:19TOAlTFq0NDHvUPQR0tkr,4a85b1376c014463baddf7ef333ee0f6,2025-04-27T18:18:59Z,1,I would vote for a republican if they ran on a banning Ed sheeran platform,c5895b83359b434492ed7f482b12bab0
spotify:track:2NmZu0q7WEz96ZV1frglUN,4a85b1376c014463baddf7ef333ee0f6,2025-04-27T18:18:59Z,0,The key of smoke is c major,c5895b83359b434492ed7f482b12bab0
spotify:track:3WFws3oOSjEdLPCF0IzDna,4a85b1376c014463baddf7ef333ee0f6,2025-04-27T18:18:59Z,0,Intro goes hard but there's no drop???,c5895b83359b434492ed7f482b12bab0
spotify:track:4S8XnWUEo70SgylOTjhbM3,4a85b1376c014463baddf7ef333ee0f6,2025-04-27T18:18:59Z,0,Listened at the gym and I was imbued with the strength of 1.4 billion üí™üèª ,c5895b83359b434492ed7f482b12bab0
spotify:track:5gmcaEhbxWQcELdxZkGCTr,4a85b1376c014463baddf7ef333ee0f6,2025-04-27T18:18:59Z,0,First 30 seconds are cool but then it gets kinda boring. Tiktok ass beat,c5895b83359b434492ed7f482b12bab0
spotify:track:7ni78Vjslqo2VxiDOahYlV,4a85b1376c014463baddf7ef333ee0f6,2025-04-27T18:18:59Z,3,Banger. I listened to the rest of the album and it's also sick,c5895b83359b434492ed7f482b12bab0
spotify:track:0GSU6yLOJqO10ziQuBLWOE,7ff3d00e1d8444bcb0e9e838599f42b9,2025-04-27T19:21:42Z,1,I kept thinking about the David Guetta I have a dream edit lmfao but once I got past that this shit was pretty fire ,c5895b83359b434492ed7f482b12bab0
spotify:track:0nghE8iUqF4SkTaMqQNxiG,7ff3d00e1d8444bcb0e9e838599f42b9,2025-04-27T19:21:42Z,0,I can't figure out if this is a song that republicans would love or hate not gonna lie but I enjoyed it ,c5895b83359b434492ed7f482b12bab0
spotify:track:2NmZu0q7WEz96ZV1frglUN,7ff3d00e1d8444bcb0e9e838599f42b9,2025-04-27T19:21:42Z,1,"Not my type of music but the combination was too good not to thumbs this up Snoop will show up for anything with the word ""smoke"" in it ",c5895b83359b434492ed7f482b12bab0
spotify:track:3WFws3oOSjEdLPCF0IzDna,7ff3d00e1d8444bcb0e9e838599f42b9,2025-04-27T19:21:42Z,0,Yo yo yo rapping is a lifestyle the fuck I'm sayinggg bruh why isn't this guy going hard on this beat where are the drums where is all that Triad God coulda tore this up ,c5895b83359b434492ed7f482b12bab0
spotify:track:41WDvgF7RgCXfLN9iKWVhp,7ff3d00e1d8444bcb0e9e838599f42b9,2025-04-27T19:21:42Z,0,"Makes me wanna watch the musical ngl but my main issue is I feel like once again this actually might be a song that Republicans would be more likely to write like ""gay or European"" I can hear in Trump's voice lmfao",c5895b83359b434492ed7f482b12bab0
spotify:track:4S8XnWUEo70SgylOTjhbM3,7ff3d00e1d8444bcb0e9e838599f42b9,2025-04-27T19:21:42Z,1,I'm glad I studied Chinese in college so that I can understand the singer speaking about the sun and Mao Ze Dong he bringing the heat with the red sun that's for sure China number one ,c5895b83359b434492ed7f482b12bab0
spotify:track:547IKdQWZcG4KUnHtlkWiv,7ff3d00e1d8444bcb0e9e838599f42b9,2025-04-27T19:21:42Z,0,Hegseth definitely got this one his playlist - I can see it fitting the theme to some extent though,c5895b83359b434492ed7f482b12bab0
spotify:track:5gmcaEhbxWQcELdxZkGCTr,7ff3d00e1d8444bcb0e9e838599f42b9,2025-04-27T19:21:42Z,0,"""American Hero"" hahaha that name fits the MAGA theme tbf, I don't think the correlation to this theme is as defined as some of the previous songs but I enjoyed the song nonetheless ",c5895b83359b434492ed7f482b12bab0
spotify:track:5n8Aro6j1bEGIy7Tpo7FV7,7ff3d00e1d8444bcb0e9e838599f42b9,2025-04-27T19:21:42Z,1,I admittedly thought about submitting this too but thought it was too generic... but at the end of the day it's a banger and it fits the theme ,c5895b83359b434492ed7f482b12bab0
spotify:track:6ZU9RJIZ0fNaFuQM57bDIA,7ff3d00e1d8444bcb0e9e838599f42b9,2025-04-27T19:21:42Z,0,This song scared me,c5895b83359b434492ed7f482b12bab0
spotify:track:7ni78Vjslqo2VxiDOahYlV,7ff3d00e1d8444bcb0e9e838599f42b9,2025-04-27T19:21:42Z,1,Studied this song in a class at Amherst tbf so shoutout Hip-Hop History,c5895b83359b434492ed7f482b12bab0
spotify:track:0nghE8iUqF4SkTaMqQNxiG,2514636114c2431a903f1cad7eaf72e5,2025-04-27T21:04:04Z,2,"I can't believe this song is good. You get a vote because the artist has the word ""Brazilian"" in it ‚Äî though from what I can find the entire band is from NYC ‚Äî and republicans hate foreigners.

Just thinking of this: a song that glorifies NYC and calls it safe and peaceful would be banned by republicans because they don't like NYC. I should've found a song like that.

Edit 30 min later: Its stuck in my head so I'm giving it another vote

Corey (""Pawpaw"")",c5895b83359b434492ed7f482b12bab0
spotify:track:19TOAlTFq0NDHvUPQR0tkr,2514636114c2431a903f1cad7eaf72e5,2025-04-27T21:04:04Z,0,This song is about going on vacation. Why would republicans ban going south of the border? Where would Ted Cruz go when the next hurricane hits Texas?,c5895b83359b434492ed7f482b12bab0
spotify:track:2NmZu0q7WEz96ZV1frglUN,2514636114c2431a903f1cad7eaf72e5,2025-04-27T21:04:04Z,0,"Here are some fun bits from Willie Nelson's wikipedia page: 

""Nelson has been married four times...The marriage was marked by violence...including one incident when [his wife] sewed him up in bedsheets and beat him with a broomstick."" ...That can't be true right? How would that work?

""Nelson is an advocate for better treatment for horses.""

""In 2018...[Willie Nelson] performed a song with Beto O'Rourke.""",c5895b83359b434492ed7f482b12bab0
spotify:track:3WFws3oOSjEdLPCF0IzDna,2514636114c2431a903f1cad7eaf72e5,2025-04-27T21:04:04Z,0,"This is a reference to something I don't get

I understand tariffs

Who is Triad God",c5895b83359b434492ed7f482b12bab0
spotify:track:41WDvgF7RgCXfLN9iKWVhp,2514636114c2431a903f1cad7eaf72e5,2025-04-27T21:04:04Z,1,"This is fun. I don't think they would ban this, but its a good song. Pretty sure this is the first musical submission. 

Oh maybe they would ban this because they don't like europeans either

Josie",c5895b83359b434492ed7f482b12bab0
spotify:track:4S8XnWUEo70SgylOTjhbM3,2514636114c2431a903f1cad7eaf72e5,2025-04-27T21:04:04Z,1,"We can't keep letting Phil get away with this. 

Phil, question for you: Do you find these songs based off the prompts or do you know them beforehand. I think I know but I just can't think of a normal way that Mao Ze Dong's banger comes across your Spotify. 

@NSA: Make sure this guy doesn't get a security clearance",c5895b83359b434492ed7f482b12bab0
spotify:track:547IKdQWZcG4KUnHtlkWiv,2514636114c2431a903f1cad7eaf72e5,2025-04-27T21:04:04Z,0,"Sorry you have to spell out for me why this song would be banned
 
lol hegseth",c5895b83359b434492ed7f482b12bab0
spotify:track:5gmcaEhbxWQcELdxZkGCTr,2514636114c2431a903f1cad7eaf72e5,2025-04-27T21:04:04Z,0,Its about PROCREATION,c5895b83359b434492ed7f482b12bab0
spotify:track:5n8Aro6j1bEGIy7Tpo7FV7,2514636114c2431a903f1cad7eaf72e5,2025-04-27T21:04:04Z,1,It's true that republicans would want to ban this,c5895b83359b434492ed7f482b12bab0
spotify:track:6ZU9RJIZ0fNaFuQM57bDIA,2514636114c2431a903f1cad7eaf72e5,2025-04-27T21:04:04Z,0,I tried to listen to this,c5895b83359b434492ed7f482b12bab0
spotify:track:0GSU6yLOJqO10ziQuBLWOE,52930c8ae91c4540b6b32838f7cad3c6,2025-04-28T03:43:08Z,0," This is giving lofi beats to study to. I love a good saxophone riff. ",c5895b83359b434492ed7f482b12bab0
spotify:track:0nghE8iUqF4SkTaMqQNxiG,52930c8ae91c4540b6b32838f7cad3c6,2025-04-28T03:43:08Z,0,I showed this song to Corey‚Äôs grandmother and she hated me for it. Always been a banger,c5895b83359b434492ed7f482b12bab0
spotify:track:19TOAlTFq0NDHvUPQR0tkr,52930c8ae91c4540b6b32838f7cad3c6,2025-04-28T03:43:08Z,1,This made me laugh. This remix was kinda fun. Giving this a vote because it‚Äôs a woman and a foreigner. ,c5895b83359b434492ed7f482b12bab0
spotify:track:2NmZu0q7WEz96ZV1frglUN,52930c8ae91c4540b6b32838f7cad3c6,2025-04-28T03:43:08Z,0,I like this duo. The harmonica goes hard. ,c5895b83359b434492ed7f482b12bab0
spotify:track:3WFws3oOSjEdLPCF0IzDna,52930c8ae91c4540b6b32838f7cad3c6,2025-04-28T03:43:08Z,0,This was very repetitive and he just keeps going: ‚Äúyou don‚Äôt know what the fuck I‚Äôm saying‚Äù. He‚Äôs right. ,c5895b83359b434492ed7f482b12bab0
spotify:track:41WDvgF7RgCXfLN9iKWVhp,52930c8ae91c4540b6b32838f7cad3c6,2025-04-28T03:43:08Z,1,I thought this was a very out-of-the-box selection. I love musical theatre so this gets a vote from me. ,c5895b83359b434492ed7f482b12bab0
spotify:track:4S8XnWUEo70SgylOTjhbM3,52930c8ae91c4540b6b32838f7cad3c6,2025-04-28T03:43:08Z,1,This one was creative for the theme. Also has a hard beat. I like when the horns come in. ,c5895b83359b434492ed7f482b12bab0
spotify:track:547IKdQWZcG4KUnHtlkWiv,52930c8ae91c4540b6b32838f7cad3c6,2025-04-28T03:43:08Z,0,Chill vibes. I didn‚Äôt really understand why this would be banned until I read the artist description. The white dreadlocks made me laugh out loud. ,c5895b83359b434492ed7f482b12bab0
spotify:track:5gmcaEhbxWQcELdxZkGCTr,52930c8ae91c4540b6b32838f7cad3c6,2025-04-28T03:43:08Z,0,"Towa is so sexy, I saw her perform irl. I like the song. Republicans drain me! ",c5895b83359b434492ed7f482b12bab0
spotify:track:5n8Aro6j1bEGIy7Tpo7FV7,52930c8ae91c4540b6b32838f7cad3c6,2025-04-28T03:43:08Z,1,Giving this a vote because law enforcement actually tried to ban this song in the late 80s. It‚Äôs historically accurate but I would have liked to see some creativity this round. ,c5895b83359b434492ed7f482b12bab0
spotify:track:6ZU9RJIZ0fNaFuQM57bDIA,52930c8ae91c4540b6b32838f7cad3c6,2025-04-28T03:43:08Z,0,I learned that this band has a prolific anti-establishment career that impressed me. The song doesn‚Äôt do a lot for me but I appreciate their real-life action. ,c5895b83359b434492ed7f482b12bab0
spotify:track:7ni78Vjslqo2VxiDOahYlV,52930c8ae91c4540b6b32838f7cad3c6,2025-04-28T03:43:08Z,1,The pan flute in this league is always such a fun surprise. I love the direct full-name callouts in this song. So messy. ,c5895b83359b434492ed7f482b12bab0
spotify:track:0GSU6yLOJqO10ziQuBLWOE,5849de8755994223a0339ba8e58b291a,2025-04-28T03:44:57Z,1,This is the same band that made Baiana???,c5895b83359b434492ed7f482b12bab0
spotify:track:0nghE8iUqF4SkTaMqQNxiG,5849de8755994223a0339ba8e58b291a,2025-04-28T03:44:57Z,2,Immediately added to a playlist. Corey?,c5895b83359b434492ed7f482b12bab0
spotify:track:19TOAlTFq0NDHvUPQR0tkr,5849de8755994223a0339ba8e58b291a,2025-04-28T03:44:57Z,0,I‚Äôm pretty sure this is literally the Trump Admin immigration policy,c5895b83359b434492ed7f482b12bab0
spotify:track:2NmZu0q7WEz96ZV1frglUN,5849de8755994223a0339ba8e58b291a,2025-04-28T03:44:57Z,1,I love the song but you could sneak anything past MTG if it‚Äôs country enough. Willie?,c5895b83359b434492ed7f482b12bab0
spotify:track:3WFws3oOSjEdLPCF0IzDna,5849de8755994223a0339ba8e58b291a,2025-04-28T03:44:57Z,0,The comment is funny. I can‚Äôt tell if this song is rap or soothing Chinese Melodies though. Devon?,c5895b83359b434492ed7f482b12bab0
spotify:track:4S8XnWUEo70SgylOTjhbM3,5849de8755994223a0339ba8e58b291a,2025-04-28T03:44:57Z,0,A catchy tune for sure. Noah?,c5895b83359b434492ed7f482b12bab0
spotify:track:7ni78Vjslqo2VxiDOahYlV,5849de8755994223a0339ba8e58b291a,2025-04-28T03:44:57Z,1,,c5895b83359b434492ed7f482b12bab0
spotify:track:0d28khcov6AiegSCpG5TuT,4797322ebba74139bb8dd84877d43b7b,2025-05-01T12:47:22Z,5,,ea6e89ffe84146f7b951986a12c1c11b
spotify:track:7GQqj9jRtDkMp8zByehXQI,322afbf1496d4fb2b5adda378cbd0ad6,2025-05-01T15:35:44Z,1,,ea6e89ffe84146f7b951986a12c1c11b
spotify:track:5x5Vx0Musv3LSUKzjY73mA,322afbf1496d4fb2b5adda378cbd0ad6,2025-05-01T15:35:44Z,1,,ea6e89ffe84146f7b951986a12c1c11b
spotify:track:3XIIOCu6B8PuGq5j61asEM,322afbf1496d4fb2b5adda378cbd0ad6,2025-05-01T15:35:44Z,1,,ea6e89ffe84146f7b951986a12c1c11b
spotify:track:190jyVPHYjAqEaOGmMzdyk,322afbf1496d4fb2b5adda378cbd0ad6,2025-05-01T15:35:44Z,2,,ea6e89ffe84146f7b951986a12c1c11b
spotify:track:7GQqj9jRtDkMp8zByehXQI,7ff3d00e1d8444bcb0e9e838599f42b9,2025-05-02T03:03:58Z,1,HEAT HEAT HEAT HEAT HEAT GREAT SUBMISSION NOTHING ELSE TO SAY ,ea6e89ffe84146f7b951986a12c1c11b
spotify:track:0d28khcov6AiegSCpG5TuT,7ff3d00e1d8444bcb0e9e838599f42b9,2025-05-02T03:03:58Z,0,"The song is solid and has a timeless feel to it, my issue is that the theme is ""rap feature in an otherwise non-rap song"" and there's like two rap verses with a sung chorus? When I think rap feature in non-rap I think chorus verse chorus rap chorus or something like that. Would get my vote otherwise",ea6e89ffe84146f7b951986a12c1c11b
spotify:track:17zF2ISrDrQdaULA8cxReK,7ff3d00e1d8444bcb0e9e838599f42b9,2025-05-02T03:03:58Z,1,Luda went harder on Baby no cap but this is acceptable enough. I actually didn't know this song and don't listen to much John Legend but I did like the overall vibe of this song both with the rap fitting in and the sung vocals it all mixed and matched well so nice choice,ea6e89ffe84146f7b951986a12c1c11b
spotify:track:190jyVPHYjAqEaOGmMzdyk,7ff3d00e1d8444bcb0e9e838599f42b9,2025-05-02T03:03:58Z,1,Not much to say here - it's a classic and a solid Nicki verse and a great Bieber song. 2012-2013 Bieber probably my favorite era of his not gonna lie but I will say this if you were gonna choose a Nicki verse for this theme the Bottoms Up one is superior I said it ,ea6e89ffe84146f7b951986a12c1c11b
spotify:track:1KEdF3FNF9bKRCxN3KUMbx,7ff3d00e1d8444bcb0e9e838599f42b9,2025-05-02T03:03:58Z,0,Fuck no,ea6e89ffe84146f7b951986a12c1c11b
spotify:track:2Nh2cMryoXl7BrZoIeN2Pr,7ff3d00e1d8444bcb0e9e838599f42b9,2025-05-02T03:03:58Z,0,The song wasn't really my style - I do think that I would consider this a viable submission for this category tho ,ea6e89ffe84146f7b951986a12c1c11b
spotify:track:3XIIOCu6B8PuGq5j61asEM,7ff3d00e1d8444bcb0e9e838599f42b9,2025-05-02T03:03:58Z,0,Am I gonna get heat for saying I think this song is overrated? Sia's part is solid but I'm not a huge fan of Kendrick's verse. It's a decent pump up song though - I will concede I like him on this better than Bad Blood (rip that other submission). Almost got 5th place ,ea6e89ffe84146f7b951986a12c1c11b
spotify:track:4EQ0dK6Sg7v685NGrQvuki,7ff3d00e1d8444bcb0e9e838599f42b9,2025-05-02T03:03:58Z,1,Usually I don't guess who submitted something but given this long-ass explanation Mason this gotta be you fam no need to justify your pick let it speak for itself. Though I like the effort and it was a good song regardless. I went back and forth on whether it'd fit this category given the rap at the beginning/end but I think overall I'll allow it ,ea6e89ffe84146f7b951986a12c1c11b
spotify:track:5Ck3e6z1bcSCes5gdo0Ddt,7ff3d00e1d8444bcb0e9e838599f42b9,2025-05-02T03:03:58Z,1,What the fuck I didn't know this song and came out of nowhere this is HEAT ,ea6e89ffe84146f7b951986a12c1c11b
spotify:track:5x5Vx0Musv3LSUKzjY73mA,7ff3d00e1d8444bcb0e9e838599f42b9,2025-05-02T03:03:58Z,0,Self responding cause this shit was so heat I ended up playing it 5 times while going thru the playlist VPOP underrated ,ea6e89ffe84146f7b951986a12c1c11b
spotify:track:6KOEK6SeCEZOQkLj5M1PxH,7ff3d00e1d8444bcb0e9e838599f42b9,2025-05-02T03:03:58Z,0,I really liked this song back and the day and 2010s song are super throwbacks. Ultimately I almost made this my 5th vote but it's a tough cycle... good honorable mention vote here though obviously a mainstream-ish choice but still a great submission nonetheless ,ea6e89ffe84146f7b951986a12c1c11b
spotify:track:6qAcApH8obo8eqatCKUHd9,7ff3d00e1d8444bcb0e9e838599f42b9,2025-05-02T03:03:58Z,0,bad blood mad love dont give a mad fuck about all that stuff bad luck that sucks ,ea6e89ffe84146f7b951986a12c1c11b
spotify:track:6KOEK6SeCEZOQkLj5M1PxH,8e9a5b80ce6647e990d5f3804f53781e,2025-05-02T12:35:28Z,0,Also Max Martin - legend.,ea6e89ffe84146f7b951986a12c1c11b
spotify:track:5x5Vx0Musv3LSUKzjY73mA,8e9a5b80ce6647e990d5f3804f53781e,2025-05-02T12:35:28Z,1,Incredily random and it's a banger,ea6e89ffe84146f7b951986a12c1c11b
spotify:track:0d28khcov6AiegSCpG5TuT,8e9a5b80ce6647e990d5f3804f53781e,2025-05-02T12:35:28Z,1,This song is so good. ,ea6e89ffe84146f7b951986a12c1c11b
spotify:track:190jyVPHYjAqEaOGmMzdyk,8e9a5b80ce6647e990d5f3804f53781e,2025-05-02T12:35:28Z,2,I knew this was Max Martin produced. Top 2 hit maker of our generation and he's not 2. You can hear some of the sounds that he used on Dawn FM (hot take: that's the Weeknd's best album). Arrest Jack Antonoff and give us more Shellback and Max Martin,ea6e89ffe84146f7b951986a12c1c11b
spotify:track:1KEdF3FNF9bKRCxN3KUMbx,8e9a5b80ce6647e990d5f3804f53781e,2025-05-02T12:35:28Z,0,I never hated this song despite her horrifically grating voice because the hook is so good,ea6e89ffe84146f7b951986a12c1c11b
spotify:track:2Nh2cMryoXl7BrZoIeN2Pr,8e9a5b80ce6647e990d5f3804f53781e,2025-05-02T12:35:28Z,0,This song is a great summer pick but it is definitely a rap song,ea6e89ffe84146f7b951986a12c1c11b
spotify:track:3XIIOCu6B8PuGq5j61asEM,8e9a5b80ce6647e990d5f3804f53781e,2025-05-02T12:35:28Z,0,Kendrick was really hopping on anything,ea6e89ffe84146f7b951986a12c1c11b
spotify:track:7GQqj9jRtDkMp8zByehXQI,8e9a5b80ce6647e990d5f3804f53781e,2025-05-02T12:35:28Z,1,Incredible pull this song is so good.,ea6e89ffe84146f7b951986a12c1c11b
spotify:track:6qAcApH8obo8eqatCKUHd9,8e9a5b80ce6647e990d5f3804f53781e,2025-05-02T12:35:28Z,0,"This song is camp. ""You made a really deep cuuuuuuuuttt"" is so stupid but I still like it. Unfortunately I only have 5 votes.

(Shellback)",ea6e89ffe84146f7b951986a12c1c11b
spotify:track:190jyVPHYjAqEaOGmMzdyk,ed0161afb03b4ca1bec408592183e62a,2025-05-02T13:46:04Z,1,,ea6e89ffe84146f7b951986a12c1c11b
spotify:track:6KOEK6SeCEZOQkLj5M1PxH,ed0161afb03b4ca1bec408592183e62a,2025-05-02T13:46:04Z,1,,ea6e89ffe84146f7b951986a12c1c11b
spotify:track:0d28khcov6AiegSCpG5TuT,ed0161afb03b4ca1bec408592183e62a,2025-05-02T13:46:04Z,1,,ea6e89ffe84146f7b951986a12c1c11b
spotify:track:5x5Vx0Musv3LSUKzjY73mA,ed0161afb03b4ca1bec408592183e62a,2025-05-02T13:46:04Z,2,,ea6e89ffe84146f7b951986a12c1c11b
spotify:track:4EQ0dK6Sg7v685NGrQvuki,2365eaf4ec8543e6a865cfac9367d3ce,2025-05-03T07:16:18Z,1,,ea6e89ffe84146f7b951986a12c1c11b
spotify:track:1KEdF3FNF9bKRCxN3KUMbx,2365eaf4ec8543e6a865cfac9367d3ce,2025-05-03T07:16:18Z,1,,ea6e89ffe84146f7b951986a12c1c11b
spotify:track:0d28khcov6AiegSCpG5TuT,2365eaf4ec8543e6a865cfac9367d3ce,2025-05-03T07:16:18Z,1,,ea6e89ffe84146f7b951986a12c1c11b
spotify:track:6KOEK6SeCEZOQkLj5M1PxH,2365eaf4ec8543e6a865cfac9367d3ce,2025-05-03T07:16:18Z,1,,ea6e89ffe84146f7b951986a12c1c11b
spotify:track:5x5Vx0Musv3LSUKzjY73mA,2365eaf4ec8543e6a865cfac9367d3ce,2025-05-03T07:16:18Z,1,Says something about Snoop Dogg that he is on two of these songs,ea6e89ffe84146f7b951986a12c1c11b
spotify:track:5x5Vx0Musv3LSUKzjY73mA,52930c8ae91c4540b6b32838f7cad3c6,2025-05-03T21:32:03Z,1,Original choice and a great verse by snoop ,ea6e89ffe84146f7b951986a12c1c11b
spotify:track:0d28khcov6AiegSCpG5TuT,52930c8ae91c4540b6b32838f7cad3c6,2025-05-03T21:32:03Z,1,Classic song. De la soul is so good. ,ea6e89ffe84146f7b951986a12c1c11b
spotify:track:17zF2ISrDrQdaULA8cxReK,52930c8ae91c4540b6b32838f7cad3c6,2025-05-03T21:32:03Z,1,Immediate dopamine hit ,ea6e89ffe84146f7b951986a12c1c11b
spotify:track:190jyVPHYjAqEaOGmMzdyk,52930c8ae91c4540b6b32838f7cad3c6,2025-05-03T21:32:03Z,1,üëÄ,ea6e89ffe84146f7b951986a12c1c11b
spotify:track:1KEdF3FNF9bKRCxN3KUMbx,52930c8ae91c4540b6b32838f7cad3c6,2025-05-03T21:32:03Z,0,Hated it then. Hate it now. ,ea6e89ffe84146f7b951986a12c1c11b
spotify:track:2Nh2cMryoXl7BrZoIeN2Pr,52930c8ae91c4540b6b32838f7cad3c6,2025-05-03T21:32:03Z,0,Too rap for my vote. ,ea6e89ffe84146f7b951986a12c1c11b
spotify:track:3XIIOCu6B8PuGq5j61asEM,52930c8ae91c4540b6b32838f7cad3c6,2025-05-03T21:32:03Z,0,These albums with Maddie always felt weird to me ,ea6e89ffe84146f7b951986a12c1c11b
spotify:track:4EQ0dK6Sg7v685NGrQvuki,52930c8ae91c4540b6b32838f7cad3c6,2025-05-03T21:32:03Z,0,Love this artist ,ea6e89ffe84146f7b951986a12c1c11b
spotify:track:6KOEK6SeCEZOQkLj5M1PxH,52930c8ae91c4540b6b32838f7cad3c6,2025-05-03T21:32:03Z,1,This made me feel like I was 11 years old again ,ea6e89ffe84146f7b951986a12c1c11b
spotify:track:6qAcApH8obo8eqatCKUHd9,52930c8ae91c4540b6b32838f7cad3c6,2025-05-03T21:32:03Z,0,Never heard this remix before! ,ea6e89ffe84146f7b951986a12c1c11b
spotify:track:7GQqj9jRtDkMp8zByehXQI,52930c8ae91c4540b6b32838f7cad3c6,2025-05-03T21:32:03Z,0,Fun song ,ea6e89ffe84146f7b951986a12c1c11b
spotify:track:190jyVPHYjAqEaOGmMzdyk,344513fa126c435d8c9d18a70e8c43c8,2025-05-04T04:59:19Z,1,Bieber gets better the older I get,ea6e89ffe84146f7b951986a12c1c11b
spotify:track:2Nh2cMryoXl7BrZoIeN2Pr,344513fa126c435d8c9d18a70e8c43c8,2025-05-04T04:59:19Z,1,Slaps,ea6e89ffe84146f7b951986a12c1c11b
spotify:track:6KOEK6SeCEZOQkLj5M1PxH,344513fa126c435d8c9d18a70e8c43c8,2025-05-04T04:59:19Z,1,,ea6e89ffe84146f7b951986a12c1c11b
spotify:track:6qAcApH8obo8eqatCKUHd9,344513fa126c435d8c9d18a70e8c43c8,2025-05-04T04:59:19Z,1,This duo goes crazy,ea6e89ffe84146f7b951986a12c1c11b
spotify:track:0d28khcov6AiegSCpG5TuT,344513fa126c435d8c9d18a70e8c43c8,2025-05-04T04:59:19Z,1,One of my top songs of all time,ea6e89ffe84146f7b951986a12c1c11b
spotify:track:0d28khcov6AiegSCpG5TuT,2514636114c2431a903f1cad7eaf72e5,2025-05-05T01:29:13Z,2,"This is pretty much exactly what I was imagining when I wrote this prompt. 
Cheers",ea6e89ffe84146f7b951986a12c1c11b
spotify:track:2Nh2cMryoXl7BrZoIeN2Pr,2514636114c2431a903f1cad7eaf72e5,2025-05-05T01:29:13Z,0,Noah?,ea6e89ffe84146f7b951986a12c1c11b
spotify:track:1KEdF3FNF9bKRCxN3KUMbx,2514636114c2431a903f1cad7eaf72e5,2025-05-05T01:29:13Z,0,"Disgusting submission. Almost respect how bad it is (the submission). 

Shame. ",ea6e89ffe84146f7b951986a12c1c11b
spotify:track:190jyVPHYjAqEaOGmMzdyk,2514636114c2431a903f1cad7eaf72e5,2025-05-05T01:29:13Z,0,Jacob,ea6e89ffe84146f7b951986a12c1c11b
spotify:track:17zF2ISrDrQdaULA8cxReK,2514636114c2431a903f1cad7eaf72e5,2025-05-05T01:29:13Z,0,I wish I had more votes im sorry ,ea6e89ffe84146f7b951986a12c1c11b
spotify:track:5Ck3e6z1bcSCes5gdo0Ddt,2514636114c2431a903f1cad7eaf72e5,2025-05-05T01:29:13Z,0,"Genuinely a great song until Childish Gambino came in and ruined it. 

Every day that passes is another day I'm thankful Donald Glover gave up his musical alter ego and focused on making television bangers like mr. & mrs. Smith, now streaming on Amazon Prime!

(I'm not even a Childish Gambino hater, but this verse was bad)",ea6e89ffe84146f7b951986a12c1c11b
spotify:track:4EQ0dK6Sg7v685NGrQvuki,2514636114c2431a903f1cad7eaf72e5,2025-05-05T01:29:13Z,0,"""Don't be fooled by it starting with the rapping."" 

This is a rap song. It has a rapper DUO. The prompt says NON-RAP SONG

I looked it up and it's actually ""Hip-hop, neo soul and R&B,"" not rap, so you're in the clear. But man is it close. Can't disagree with the wikipedia definitions

This brings up an important issue that so far, thankfully, has not been relevant: What is the punishment for prompt violators, prompt perpetrators? Death? Worse?

Josie because bad bitch music",ea6e89ffe84146f7b951986a12c1c11b
spotify:track:3XIIOCu6B8PuGq5j61asEM,2514636114c2431a903f1cad7eaf72e5,2025-05-05T01:29:13Z,0,"Okay. I also submitted a Kendrick song like this. But, like, this one is way worse so I can't vote for it.",ea6e89ffe84146f7b951986a12c1c11b
spotify:track:7GQqj9jRtDkMp8zByehXQI,2514636114c2431a903f1cad7eaf72e5,2025-05-05T01:29:13Z,0,"SOUL SISTERS SOUL SISTERS GOTTA GET THAT DOUGH SISTERS

This passes the ""stuck in my head"" test but I already gave my votes away",ea6e89ffe84146f7b951986a12c1c11b
spotify:track:6qAcApH8obo8eqatCKUHd9,2514636114c2431a903f1cad7eaf72e5,2025-05-05T01:29:13Z,0,"Okay this is better than the Sia one, right? Right?",ea6e89ffe84146f7b951986a12c1c11b
spotify:track:6KOEK6SeCEZOQkLj5M1PxH,2514636114c2431a903f1cad7eaf72e5,2025-05-05T01:29:13Z,1,"Ope, its the second Snoop song. Too bad I already gave up my Snoop votes",ea6e89ffe84146f7b951986a12c1c11b
spotify:track:5x5Vx0Musv3LSUKzjY73mA,2514636114c2431a903f1cad7eaf72e5,2025-05-05T01:29:13Z,2,"How is this possible. If this is Phil I'm ending the league because he's on steroids. You can't be in the league on steroids. Otherwise, good submission",ea6e89ffe84146f7b951986a12c1c11b
spotify:track:6qAcApH8obo8eqatCKUHd9,625a8e9783544e6f82716b1d55cfae43,2025-05-05T01:50:12Z,1,,ea6e89ffe84146f7b951986a12c1c11b
spotify:track:3XIIOCu6B8PuGq5j61asEM,625a8e9783544e6f82716b1d55cfae43,2025-05-05T01:50:12Z,2,,ea6e89ffe84146f7b951986a12c1c11b
spotify:track:17zF2ISrDrQdaULA8cxReK,625a8e9783544e6f82716b1d55cfae43,2025-05-05T01:50:12Z,2,,ea6e89ffe84146f7b951986a12c1c11b
spotify:track:7yNf9YjeO5JXUE3JEBgnYc,322afbf1496d4fb2b5adda378cbd0ad6,2025-05-08T15:58:18Z,2,,f3c87af50649408897d918edb52111b3
spotify:track:2V32urQHILVX2znGELiXk9,322afbf1496d4fb2b5adda378cbd0ad6,2025-05-08T15:58:18Z,1,,f3c87af50649408897d918edb52111b3
spotify:track:1jNKhbKmDgYSHHSCEeMXey,322afbf1496d4fb2b5adda378cbd0ad6,2025-05-08T15:58:18Z,2,,f3c87af50649408897d918edb52111b3
spotify:track:2E9EabdPii2mjeckhy1dhP,ed0161afb03b4ca1bec408592183e62a,2025-05-09T14:08:33Z,2,,f3c87af50649408897d918edb52111b3
spotify:track:1jNKhbKmDgYSHHSCEeMXey,ed0161afb03b4ca1bec408592183e62a,2025-05-09T14:08:33Z,1,,f3c87af50649408897d918edb52111b3
spotify:track:4gqjxYiEorFk0y9b92uFdE,ed0161afb03b4ca1bec408592183e62a,2025-05-09T14:08:33Z,1,,f3c87af50649408897d918edb52111b3
spotify:track:08QaHlMPWuO5PUxjl61bXn,ed0161afb03b4ca1bec408592183e62a,2025-05-09T14:08:33Z,1,,f3c87af50649408897d918edb52111b3
spotify:track:67fq3EiYImNxIf57FSkHOo,7ff3d00e1d8444bcb0e9e838599f42b9,2025-05-10T03:05:06Z,0,David Tomlinson keep your songs a couple seconds shorter next time,f3c87af50649408897d918edb52111b3
spotify:track:7yNf9YjeO5JXUE3JEBgnYc,7ff3d00e1d8444bcb0e9e838599f42b9,2025-05-10T03:05:06Z,0,Decent I liked the guitar background and the chorus tbh,f3c87af50649408897d918edb52111b3
spotify:track:08QaHlMPWuO5PUxjl61bXn,7ff3d00e1d8444bcb0e9e838599f42b9,2025-05-10T03:05:06Z,0,This will get a lot of votes surely but too many ppl have overhyped this to me ,f3c87af50649408897d918edb52111b3
spotify:track:1jNKhbKmDgYSHHSCEeMXey,7ff3d00e1d8444bcb0e9e838599f42b9,2025-05-10T03:05:06Z,1,Smooth af,f3c87af50649408897d918edb52111b3
spotify:track:0QCuMBeqdWkwFUTO1WlAjH,7ff3d00e1d8444bcb0e9e838599f42b9,2025-05-10T03:05:06Z,1,Bonus points for a creative and personal pull - not my genre but feels it deserves based on the theme,f3c87af50649408897d918edb52111b3
spotify:track:2E4INiVkDRBXXkFL4kB1Vk,7ff3d00e1d8444bcb0e9e838599f42b9,2025-05-10T03:05:06Z,0,Not bad - hadn't listened to Baby Keem in a minute ,f3c87af50649408897d918edb52111b3
spotify:track:2E9EabdPii2mjeckhy1dhP,7ff3d00e1d8444bcb0e9e838599f42b9,2025-05-10T03:05:06Z,1,Rex is such a vibe this song doesn't disappoint,f3c87af50649408897d918edb52111b3
spotify:track:2V32urQHILVX2znGELiXk9,7ff3d00e1d8444bcb0e9e838599f42b9,2025-05-10T03:05:06Z,1,Pleasantly surprised by this pull why is this kind of catchy the russian lil peep description is spot on too,f3c87af50649408897d918edb52111b3
spotify:track:3LtpKP5abr2qqjunvjlX5i,7ff3d00e1d8444bcb0e9e838599f42b9,2025-05-10T03:05:06Z,1,The song that put Central Cee on the map. I thought about this song as well so gotta vote it tho should dock for creativity,f3c87af50649408897d918edb52111b3
spotify:track:4gqjxYiEorFk0y9b92uFdE,7ff3d00e1d8444bcb0e9e838599f42b9,2025-05-10T03:05:06Z,0,I shoulda submitted Gitchee Gitchee Goo fuk,f3c87af50649408897d918edb52111b3
spotify:track:4VnDmjYCZkyeqeb0NIKqdA,7ff3d00e1d8444bcb0e9e838599f42b9,2025-05-10T03:05:06Z,0,Nice instrumental. Haven't seen the movie maybe I should,f3c87af50649408897d918edb52111b3
spotify:track:7yNf9YjeO5JXUE3JEBgnYc,5849de8755994223a0339ba8e58b291a,2025-05-10T03:10:14Z,1,"This was my favorite song for a summer, love it",f3c87af50649408897d918edb52111b3
spotify:track:08QaHlMPWuO5PUxjl61bXn,5849de8755994223a0339ba8e58b291a,2025-05-10T03:10:14Z,1,"Love this movie, great song, has to get a vote.",f3c87af50649408897d918edb52111b3
spotify:track:0QCuMBeqdWkwFUTO1WlAjH,5849de8755994223a0339ba8e58b291a,2025-05-10T03:10:14Z,1,"Very jealous that you got to see the Kooks in concert, I love them! I want to give this more than one vote but there are simply too many good options.",f3c87af50649408897d918edb52111b3
spotify:track:2E4INiVkDRBXXkFL4kB1Vk,5849de8755994223a0339ba8e58b291a,2025-05-10T03:10:14Z,1,What song are the background vocals from? It‚Äôs killing me. Love the song though,f3c87af50649408897d918edb52111b3
spotify:track:2V32urQHILVX2znGELiXk9,5849de8755994223a0339ba8e58b291a,2025-05-10T03:10:14Z,0,I liked this way more than I thought it would. I‚Äôm hoping you‚Äôve got something even better saved for next week,f3c87af50649408897d918edb52111b3
spotify:track:3LtpKP5abr2qqjunvjlX5i,5849de8755994223a0339ba8e58b291a,2025-05-10T03:10:14Z,1,The magnum opus of a true philosopher,f3c87af50649408897d918edb52111b3
spotify:track:4gqjxYiEorFk0y9b92uFdE,5849de8755994223a0339ba8e58b291a,2025-05-10T03:10:14Z,0,"It made me really happy to hear this song honestly, unfortunately my love for Jack Sparrow outweighs my love for Sharpae",f3c87af50649408897d918edb52111b3
spotify:track:4VnDmjYCZkyeqeb0NIKqdA,5849de8755994223a0339ba8e58b291a,2025-05-10T03:10:14Z,0,"If I were on shrooms this would get all my votes, alas, I am not. Still an enjoyable listen",f3c87af50649408897d918edb52111b3
spotify:track:67fq3EiYImNxIf57FSkHOo,5849de8755994223a0339ba8e58b291a,2025-05-10T03:10:14Z,0,"This was not nearly as bad as everyone made it out to be, I enjoyed it. A little too much British pride though.",f3c87af50649408897d918edb52111b3
spotify:track:08QaHlMPWuO5PUxjl61bXn,2365eaf4ec8543e6a865cfac9367d3ce,2025-05-10T07:21:08Z,1,,f3c87af50649408897d918edb52111b3
spotify:track:2E4INiVkDRBXXkFL4kB1Vk,2365eaf4ec8543e6a865cfac9367d3ce,2025-05-10T07:21:08Z,1,,f3c87af50649408897d918edb52111b3
spotify:track:2V32urQHILVX2znGELiXk9,2365eaf4ec8543e6a865cfac9367d3ce,2025-05-10T07:21:08Z,1,,f3c87af50649408897d918edb52111b3
spotify:track:2xFq7wVYKmTHFUySyfv789,2365eaf4ec8543e6a865cfac9367d3ce,2025-05-10T07:21:08Z,2,,f3c87af50649408897d918edb52111b3
spotify:track:2V32urQHILVX2znGELiXk9,52930c8ae91c4540b6b32838f7cad3c6,2025-05-10T20:58:04Z,0,This made 2 minutes feel like a lifetime ,f3c87af50649408897d918edb52111b3
spotify:track:1jNKhbKmDgYSHHSCEeMXey,52930c8ae91c4540b6b32838f7cad3c6,2025-05-10T20:58:04Z,0,Wanted a bigger punch for a song only 2 mins ,f3c87af50649408897d918edb52111b3
spotify:track:2E4INiVkDRBXXkFL4kB1Vk,52930c8ae91c4540b6b32838f7cad3c6,2025-05-10T20:58:04Z,1,Catchy af ,f3c87af50649408897d918edb52111b3
spotify:track:2E9EabdPii2mjeckhy1dhP,52930c8ae91c4540b6b32838f7cad3c6,2025-05-10T20:58:04Z,0,Ehhh ,f3c87af50649408897d918edb52111b3
spotify:track:2xFq7wVYKmTHFUySyfv789,52930c8ae91c4540b6b32838f7cad3c6,2025-05-10T20:58:04Z,1,Had to listen to this one a few times before I liked it ,f3c87af50649408897d918edb52111b3
spotify:track:3LtpKP5abr2qqjunvjlX5i,52930c8ae91c4540b6b32838f7cad3c6,2025-05-10T20:58:04Z,1,I have a weird feeling this is Willie ,f3c87af50649408897d918edb52111b3
spotify:track:4gqjxYiEorFk0y9b92uFdE,52930c8ae91c4540b6b32838f7cad3c6,2025-05-10T20:58:04Z,1,Was I singing along to every single word? Yes. ,f3c87af50649408897d918edb52111b3
spotify:track:4VnDmjYCZkyeqeb0NIKqdA,52930c8ae91c4540b6b32838f7cad3c6,2025-05-10T20:58:04Z,0,Didn‚Äôt watch the movie ,f3c87af50649408897d918edb52111b3
spotify:track:7yNf9YjeO5JXUE3JEBgnYc,52930c8ae91c4540b6b32838f7cad3c6,2025-05-10T20:58:04Z,1,V familiar with this one ,f3c87af50649408897d918edb52111b3
spotify:track:0QCuMBeqdWkwFUTO1WlAjH,8e9a5b80ce6647e990d5f3804f53781e,2025-05-10T21:29:54Z,1,,f3c87af50649408897d918edb52111b3
spotify:track:7yNf9YjeO5JXUE3JEBgnYc,8e9a5b80ce6647e990d5f3804f53781e,2025-05-10T21:29:54Z,1,,f3c87af50649408897d918edb52111b3
spotify:track:08QaHlMPWuO5PUxjl61bXn,8e9a5b80ce6647e990d5f3804f53781e,2025-05-10T21:29:54Z,1,,f3c87af50649408897d918edb52111b3
spotify:track:4gqjxYiEorFk0y9b92uFdE,8e9a5b80ce6647e990d5f3804f53781e,2025-05-10T21:29:54Z,0,They really got away with anything. It kinda slaps but it's not touching breaking free or that one they sing on new years or status quo,f3c87af50649408897d918edb52111b3
spotify:track:2xFq7wVYKmTHFUySyfv789,8e9a5b80ce6647e990d5f3804f53781e,2025-05-10T21:29:54Z,1,I think this is Josie,f3c87af50649408897d918edb52111b3
spotify:track:2V32urQHILVX2znGELiXk9,8e9a5b80ce6647e990d5f3804f53781e,2025-05-10T21:29:54Z,1,Gotta be Abe,f3c87af50649408897d918edb52111b3
spotify:track:2E9EabdPii2mjeckhy1dhP,8e9a5b80ce6647e990d5f3804f53781e,2025-05-10T21:29:54Z,0,Shoutout that guy on route 9 who forgot the words to Loving is Easy. ,f3c87af50649408897d918edb52111b3
spotify:track:1jNKhbKmDgYSHHSCEeMXey,8e9a5b80ce6647e990d5f3804f53781e,2025-05-10T21:29:54Z,0,He‚Äôs been making the same song since I was in high school it‚Äôs kinda a vibe tho,f3c87af50649408897d918edb52111b3
spotify:track:3LtpKP5abr2qqjunvjlX5i,4a85b1376c014463baddf7ef333ee0f6,2025-05-12T01:34:22Z,1,,f3c87af50649408897d918edb52111b3
spotify:track:7yNf9YjeO5JXUE3JEBgnYc,4a85b1376c014463baddf7ef333ee0f6,2025-05-12T01:34:22Z,1,,f3c87af50649408897d918edb52111b3
spotify:track:4gqjxYiEorFk0y9b92uFdE,4a85b1376c014463baddf7ef333ee0f6,2025-05-12T01:34:22Z,1,,f3c87af50649408897d918edb52111b3
spotify:track:1jNKhbKmDgYSHHSCEeMXey,4a85b1376c014463baddf7ef333ee0f6,2025-05-12T01:34:22Z,2,,f3c87af50649408897d918edb52111b3
spotify:track:3LtpKP5abr2qqjunvjlX5i,2514636114c2431a903f1cad7eaf72e5,2025-05-12T01:48:12Z,1,,f3c87af50649408897d918edb52111b3
spotify:track:08QaHlMPWuO5PUxjl61bXn,2514636114c2431a903f1cad7eaf72e5,2025-05-12T01:48:12Z,1,,f3c87af50649408897d918edb52111b3
spotify:track:0QCuMBeqdWkwFUTO1WlAjH,2514636114c2431a903f1cad7eaf72e5,2025-05-12T01:48:12Z,1,,f3c87af50649408897d918edb52111b3
spotify:track:2E9EabdPii2mjeckhy1dhP,2514636114c2431a903f1cad7eaf72e5,2025-05-12T01:48:12Z,1,,f3c87af50649408897d918edb52111b3
spotify:track:67fq3EiYImNxIf57FSkHOo,2514636114c2431a903f1cad7eaf72e5,2025-05-12T01:48:12Z,1,,f3c87af50649408897d918edb52111b3
spotify:track:0QCuMBeqdWkwFUTO1WlAjH,344513fa126c435d8c9d18a70e8c43c8,2025-05-12T02:42:01Z,1,,f3c87af50649408897d918edb52111b3
spotify:track:08QaHlMPWuO5PUxjl61bXn,344513fa126c435d8c9d18a70e8c43c8,2025-05-12T02:42:01Z,1,"Goated movie, goated soundtrack, goated song. ",f3c87af50649408897d918edb52111b3
spotify:track:7yNf9YjeO5JXUE3JEBgnYc,344513fa126c435d8c9d18a70e8c43c8,2025-05-12T02:42:01Z,1,Also no idea this is under 2 minutes. This has been in my song rotation for years,f3c87af50649408897d918edb52111b3
spotify:track:4VnDmjYCZkyeqeb0NIKqdA,344513fa126c435d8c9d18a70e8c43c8,2025-05-12T02:42:01Z,1,Had no idea this was under 2 minutes but one of the best movie soundtracks to come out in the last few years,f3c87af50649408897d918edb52111b3
spotify:track:3LtpKP5abr2qqjunvjlX5i,344513fa126c435d8c9d18a70e8c43c8,2025-05-12T02:42:01Z,0,The most philosophically stirring song of the week,f3c87af50649408897d918edb52111b3
spotify:track:2xFq7wVYKmTHFUySyfv789,344513fa126c435d8c9d18a70e8c43c8,2025-05-12T02:42:01Z,1,,f3c87af50649408897d918edb52111b3
spotify:track:4VnDmjYCZkyeqeb0NIKqdA,625a8e9783544e6f82716b1d55cfae43,2025-05-12T03:54:47Z,1,Interstellar was also my first thought. Builds dramatically. Makes me feel like I‚Äôm accelerating. Bop.,f3c87af50649408897d918edb52111b3
spotify:track:2E4INiVkDRBXXkFL4kB1Vk,625a8e9783544e6f82716b1d55cfae43,2025-05-12T03:54:47Z,1,Bop. Almost forgot about this little number üíØ,f3c87af50649408897d918edb52111b3
spotify:track:1jNKhbKmDgYSHHSCEeMXey,625a8e9783544e6f82716b1d55cfae43,2025-05-12T03:54:47Z,1,Bop. Love the flow. Effortless and well written ,f3c87af50649408897d918edb52111b3
spotify:track:0QCuMBeqdWkwFUTO1WlAjH,625a8e9783544e6f82716b1d55cfae43,2025-05-12T03:54:47Z,1,"Bop. Added to liked songs, will be listening to on late night drives",f3c87af50649408897d918edb52111b3
spotify:track:4gqjxYiEorFk0y9b92uFdE,625a8e9783544e6f82716b1d55cfae43,2025-05-12T03:54:47Z,0,Ironically not a bop to me,f3c87af50649408897d918edb52111b3
spotify:track:7yNf9YjeO5JXUE3JEBgnYc,625a8e9783544e6f82716b1d55cfae43,2025-05-12T03:54:47Z,1,A classic bop,f3c87af50649408897d918edb52111b3
spotify:track:0QI38in0PP6LVZSl6NnKaI,322afbf1496d4fb2b5adda378cbd0ad6,2025-05-15T15:12:59Z,1,,e0cfde97256c4c488d8fde90587c5ed5
spotify:track:7eGi47ucrFzRVwMiNvPtsU,322afbf1496d4fb2b5adda378cbd0ad6,2025-05-15T15:12:59Z,3,,e0cfde97256c4c488d8fde90587c5ed5
spotify:track:05t9iYirisKEdE5h2ehQZ5,322afbf1496d4fb2b5adda378cbd0ad6,2025-05-15T15:12:59Z,1,,e0cfde97256c4c488d8fde90587c5ed5
spotify:track:3bYSuNFC8UqtpTRKBcDtZf,2365eaf4ec8543e6a865cfac9367d3ce,2025-05-16T17:52:03Z,1,,e0cfde97256c4c488d8fde90587c5ed5
spotify:track:3n9HTsj2f9IkQ3KlujvqSE,2365eaf4ec8543e6a865cfac9367d3ce,2025-05-16T17:52:03Z,1,,e0cfde97256c4c488d8fde90587c5ed5
spotify:track:52Zr0sinhWTCRrQhRRY4EP,2365eaf4ec8543e6a865cfac9367d3ce,2025-05-16T17:52:03Z,1,,e0cfde97256c4c488d8fde90587c5ed5
spotify:track:6j5LtifAnuTjTYvml61yFZ,2365eaf4ec8543e6a865cfac9367d3ce,2025-05-16T17:52:03Z,2,He's a legend ,e0cfde97256c4c488d8fde90587c5ed5
spotify:track:3bYSuNFC8UqtpTRKBcDtZf,8e9a5b80ce6647e990d5f3804f53781e,2025-05-16T17:57:31Z,0,Didn't love this honestly. It's not bad but didn't inspire me,e0cfde97256c4c488d8fde90587c5ed5
spotify:track:3n9HTsj2f9IkQ3KlujvqSE,8e9a5b80ce6647e990d5f3804f53781e,2025-05-16T17:57:31Z,0,"I got into progressive rock in 2023 (my favorite band is King Crimson but I love some Genesis, Yes, Jethro Tull, and Camel as well; Floyd doesn't really count as prog in the same way in my opinion but they are the most famous example). It may surprise you to know that the Italian progressive rock scene was vibrant in the early 70s (This has a brief history https://www.progarchives.com/subgenre.asp?style=28). PFM went on to record some songs in English but I haven't listened to any of them.",e0cfde97256c4c488d8fde90587c5ed5
spotify:track:4NqQaovM14WR2hNPMFxgjb,8e9a5b80ce6647e990d5f3804f53781e,2025-05-16T17:57:31Z,0,I like this but I will not vote for it since it is a bit of a basic pick. ,e0cfde97256c4c488d8fde90587c5ed5
spotify:track:52Zr0sinhWTCRrQhRRY4EP,8e9a5b80ce6647e990d5f3804f53781e,2025-05-16T17:57:31Z,0,"Again, not voting for this because it is too obvious. Icon of the early YouTube era",e0cfde97256c4c488d8fde90587c5ed5
spotify:track:6j5LtifAnuTjTYvml61yFZ,8e9a5b80ce6647e990d5f3804f53781e,2025-05-16T17:57:31Z,1,Instrumental fantastic,e0cfde97256c4c488d8fde90587c5ed5
spotify:track:05t9iYirisKEdE5h2ehQZ5,8e9a5b80ce6647e990d5f3804f53781e,2025-05-16T17:57:31Z,1,Sometimes I can't tell if I'd like these pop-ie songs if they were identical but in english but I guess that doesn't matter,e0cfde97256c4c488d8fde90587c5ed5
spotify:track:0QI38in0PP6LVZSl6NnKaI,8e9a5b80ce6647e990d5f3804f53781e,2025-05-16T17:57:31Z,2,"This song is so gorgeous. 

I did listen to the studio version not this live one. Instant win for me because I have a love for horns but the strings and the writing are also beautiful (I looked up the translation)",e0cfde97256c4c488d8fde90587c5ed5
spotify:track:1sRQzflFI4OooCN1dQK9NG,8e9a5b80ce6647e990d5f3804f53781e,2025-05-16T17:57:31Z,1,I like this,e0cfde97256c4c488d8fde90587c5ed5
spotify:track:0QI38in0PP6LVZSl6NnKaI,2514636114c2431a903f1cad7eaf72e5,2025-05-16T18:01:13Z,1,"El divo de Ju√°rez 

I also submitted a Mexican singer with a melodic voice and cool epithet  ",e0cfde97256c4c488d8fde90587c5ed5
spotify:track:1QFw2xxyQtgKjlrMCEqsNj,2514636114c2431a903f1cad7eaf72e5,2025-05-16T18:01:13Z,0,club banger about dad dying in genocide word word ,e0cfde97256c4c488d8fde90587c5ed5
spotify:track:1sRQzflFI4OooCN1dQK9NG,2514636114c2431a903f1cad7eaf72e5,2025-05-16T18:01:13Z,1,This is a cool submission I‚Äôve never heard Belgian music ,e0cfde97256c4c488d8fde90587c5ed5
spotify:track:2fqLK2P5atcNCNmxxEArjr,2514636114c2431a903f1cad7eaf72e5,2025-05-16T18:01:13Z,1,Who‚Äôs listening to Cuban songs this must be Luis if it‚Äôs your top song ,e0cfde97256c4c488d8fde90587c5ed5
spotify:track:3bYSuNFC8UqtpTRKBcDtZf,2514636114c2431a903f1cad7eaf72e5,2025-05-16T18:01:13Z,1,"On my workout playlist so it‚Äôs an automatic vote 

Noah",e0cfde97256c4c488d8fde90587c5ed5
spotify:track:3n9HTsj2f9IkQ3KlujvqSE,2514636114c2431a903f1cad7eaf72e5,2025-05-16T18:01:13Z,1,"the song is good

The fact I don‚Äôt know how you would have heard of this song if you didn‚Äôt have older italian family members makes it better

Actually I like it a lot specifically the part around 1:30",e0cfde97256c4c488d8fde90587c5ed5
spotify:track:4NqQaovM14WR2hNPMFxgjb,2514636114c2431a903f1cad7eaf72e5,2025-05-16T18:01:13Z,0,"This is like submitting drake 

I think you‚Äôre Corey",e0cfde97256c4c488d8fde90587c5ed5
spotify:track:52Zr0sinhWTCRrQhRRY4EP,2514636114c2431a903f1cad7eaf72e5,2025-05-16T18:01:13Z,0,ROMANIA,e0cfde97256c4c488d8fde90587c5ed5
spotify:track:0QI38in0PP6LVZSl6NnKaI,ed0161afb03b4ca1bec408592183e62a,2025-05-18T11:52:16Z,1,,e0cfde97256c4c488d8fde90587c5ed5
spotify:track:6j5LtifAnuTjTYvml61yFZ,ed0161afb03b4ca1bec408592183e62a,2025-05-18T11:52:16Z,1,,e0cfde97256c4c488d8fde90587c5ed5
spotify:track:3bYSuNFC8UqtpTRKBcDtZf,ed0161afb03b4ca1bec408592183e62a,2025-05-18T11:52:16Z,1,,e0cfde97256c4c488d8fde90587c5ed5
spotify:track:1sRQzflFI4OooCN1dQK9NG,ed0161afb03b4ca1bec408592183e62a,2025-05-18T11:52:16Z,1,,e0cfde97256c4c488d8fde90587c5ed5
spotify:track:1QFw2xxyQtgKjlrMCEqsNj,ed0161afb03b4ca1bec408592183e62a,2025-05-18T11:52:16Z,1,,e0cfde97256c4c488d8fde90587c5ed5
spotify:track:3bYSuNFC8UqtpTRKBcDtZf,4a85b1376c014463baddf7ef333ee0f6,2025-05-18T20:43:30Z,1,,e0cfde97256c4c488d8fde90587c5ed5
spotify:track:52Zr0sinhWTCRrQhRRY4EP,4a85b1376c014463baddf7ef333ee0f6,2025-05-18T20:43:30Z,1,,e0cfde97256c4c488d8fde90587c5ed5
spotify:track:6j5LtifAnuTjTYvml61yFZ,4a85b1376c014463baddf7ef333ee0f6,2025-05-18T20:43:30Z,2,,e0cfde97256c4c488d8fde90587c5ed5
spotify:track:0QI38in0PP6LVZSl6NnKaI,4a85b1376c014463baddf7ef333ee0f6,2025-05-18T20:43:30Z,1,,e0cfde97256c4c488d8fde90587c5ed5
spotify:track:1QFw2xxyQtgKjlrMCEqsNj,7ff3d00e1d8444bcb0e9e838599f42b9,2025-05-18T21:00:08Z,1,,e0cfde97256c4c488d8fde90587c5ed5
spotify:track:05t9iYirisKEdE5h2ehQZ5,7ff3d00e1d8444bcb0e9e838599f42b9,2025-05-18T21:00:08Z,1,,e0cfde97256c4c488d8fde90587c5ed5
spotify:track:1sRQzflFI4OooCN1dQK9NG,7ff3d00e1d8444bcb0e9e838599f42b9,2025-05-18T21:00:08Z,1,,e0cfde97256c4c488d8fde90587c5ed5
spotify:track:4NqQaovM14WR2hNPMFxgjb,7ff3d00e1d8444bcb0e9e838599f42b9,2025-05-18T21:00:08Z,1,,e0cfde97256c4c488d8fde90587c5ed5
spotify:track:7eGi47ucrFzRVwMiNvPtsU,7ff3d00e1d8444bcb0e9e838599f42b9,2025-05-18T21:00:08Z,1,,e0cfde97256c4c488d8fde90587c5ed5
spotify:track:52Zr0sinhWTCRrQhRRY4EP,344513fa126c435d8c9d18a70e8c43c8,2025-05-19T00:02:25Z,1,Sends me back to my childhood,e0cfde97256c4c488d8fde90587c5ed5
spotify:track:05t9iYirisKEdE5h2ehQZ5,344513fa126c435d8c9d18a70e8c43c8,2025-05-19T00:02:25Z,1,,e0cfde97256c4c488d8fde90587c5ed5
spotify:track:1sRQzflFI4OooCN1dQK9NG,344513fa126c435d8c9d18a70e8c43c8,2025-05-19T00:02:25Z,1,,e0cfde97256c4c488d8fde90587c5ed5
spotify:track:2fqLK2P5atcNCNmxxEArjr,344513fa126c435d8c9d18a70e8c43c8,2025-05-19T00:02:25Z,1,,e0cfde97256c4c488d8fde90587c5ed5
spotify:track:3bYSuNFC8UqtpTRKBcDtZf,344513fa126c435d8c9d18a70e8c43c8,2025-05-19T00:02:25Z,1,,e0cfde97256c4c488d8fde90587c5ed5
spotify:track:1QFw2xxyQtgKjlrMCEqsNj,52930c8ae91c4540b6b32838f7cad3c6,2025-05-19T00:45:14Z,0,Real ones know this is about the Rwandan genocide ,e0cfde97256c4c488d8fde90587c5ed5
spotify:track:1sRQzflFI4OooCN1dQK9NG,52930c8ae91c4540b6b32838f7cad3c6,2025-05-19T00:45:14Z,1,,e0cfde97256c4c488d8fde90587c5ed5
spotify:track:3bYSuNFC8UqtpTRKBcDtZf,52930c8ae91c4540b6b32838f7cad3c6,2025-05-19T00:45:14Z,2,Fav of the week ,e0cfde97256c4c488d8fde90587c5ed5
spotify:track:6j5LtifAnuTjTYvml61yFZ,52930c8ae91c4540b6b32838f7cad3c6,2025-05-19T00:45:14Z,1,,e0cfde97256c4c488d8fde90587c5ed5
spotify:track:05t9iYirisKEdE5h2ehQZ5,52930c8ae91c4540b6b32838f7cad3c6,2025-05-19T00:45:14Z,1,,e0cfde97256c4c488d8fde90587c5ed5
spotify:track:4NqQaovM14WR2hNPMFxgjb,5849de8755994223a0339ba8e58b291a,2025-05-19T01:39:30Z,1,,e0cfde97256c4c488d8fde90587c5ed5
spotify:track:3bYSuNFC8UqtpTRKBcDtZf,5849de8755994223a0339ba8e58b291a,2025-05-19T01:39:30Z,1,,e0cfde97256c4c488d8fde90587c5ed5
spotify:track:1sRQzflFI4OooCN1dQK9NG,5849de8755994223a0339ba8e58b291a,2025-05-19T01:39:30Z,2,,e0cfde97256c4c488d8fde90587c5ed5
spotify:track:1QFw2xxyQtgKjlrMCEqsNj,5849de8755994223a0339ba8e58b291a,2025-05-19T01:39:30Z,1,"Going to watch the video for sure. Great start, I wish there was more of that vibe throughout the song",e0cfde97256c4c488d8fde90587c5ed5
spotify:track:4NqQaovM14WR2hNPMFxgjb,625a8e9783544e6f82716b1d55cfae43,2025-05-19T02:31:04Z,1,"I mean come on, it‚Äôs bad bunny",e0cfde97256c4c488d8fde90587c5ed5
spotify:track:2fqLK2P5atcNCNmxxEArjr,625a8e9783544e6f82716b1d55cfae43,2025-05-19T02:31:04Z,1,"Love this dudes voice, would be fun to dance to if I were a better dancer",e0cfde97256c4c488d8fde90587c5ed5
spotify:track:1QFw2xxyQtgKjlrMCEqsNj,625a8e9783544e6f82716b1d55cfae43,2025-05-19T02:31:04Z,0,I could imagine a soccer highlight video set to this song,e0cfde97256c4c488d8fde90587c5ed5
spotify:track:0QI38in0PP6LVZSl6NnKaI,625a8e9783544e6f82716b1d55cfae43,2025-05-19T02:31:04Z,0,"Love the passion, tad slow",e0cfde97256c4c488d8fde90587c5ed5
spotify:track:05t9iYirisKEdE5h2ehQZ5,625a8e9783544e6f82716b1d55cfae43,2025-05-19T02:31:04Z,0,Cool beat,e0cfde97256c4c488d8fde90587c5ed5
spotify:track:7eGi47ucrFzRVwMiNvPtsU,625a8e9783544e6f82716b1d55cfae43,2025-05-19T02:31:04Z,0,"Enjoyed, but feel like this guy is trying too hard to be seductive",e0cfde97256c4c488d8fde90587c5ed5
spotify:track:6j5LtifAnuTjTYvml61yFZ,625a8e9783544e6f82716b1d55cfae43,2025-05-19T02:31:04Z,1,Thoroughly enjoyed. ,e0cfde97256c4c488d8fde90587c5ed5
spotify:track:52Zr0sinhWTCRrQhRRY4EP,625a8e9783544e6f82716b1d55cfae43,2025-05-19T02:31:04Z,2,"Transcendental. No idea what language this is, but I‚Äôm sure it‚Äôs a classic across the globe",e0cfde97256c4c488d8fde90587c5ed5
spotify:track:3n9HTsj2f9IkQ3KlujvqSE,625a8e9783544e6f82716b1d55cfae43,2025-05-19T02:31:04Z,0,Kind of sounds like Italian dire straits with more synth,e0cfde97256c4c488d8fde90587c5ed5
spotify:track:52vA3CYKZqZVdQnzRrdZt6,ed0161afb03b4ca1bec408592183e62a,2025-05-22T14:41:43Z,1,,1700b7b6173449f29e82ea119fd0febe
spotify:track:3GgvAt2Cyp7GRhYy9Luus1,ed0161afb03b4ca1bec408592183e62a,2025-05-22T14:41:43Z,2,,1700b7b6173449f29e82ea119fd0febe
spotify:track:30kTybW4aEKtfOWVSLMAW8,ed0161afb03b4ca1bec408592183e62a,2025-05-22T14:41:43Z,1,,1700b7b6173449f29e82ea119fd0febe
spotify:track:25U7raB3ZSszayTYClh4hF,ed0161afb03b4ca1bec408592183e62a,2025-05-22T14:41:43Z,1,,1700b7b6173449f29e82ea119fd0febe
spotify:track:7AtsEX4pJqmAaIajlMwaPU,322afbf1496d4fb2b5adda378cbd0ad6,2025-05-22T19:09:28Z,1,,1700b7b6173449f29e82ea119fd0febe
spotify:track:0Lpk5WlrFnM0Igck2PH12t,322afbf1496d4fb2b5adda378cbd0ad6,2025-05-22T19:09:28Z,2,,1700b7b6173449f29e82ea119fd0febe
spotify:track:52vA3CYKZqZVdQnzRrdZt6,322afbf1496d4fb2b5adda378cbd0ad6,2025-05-22T19:09:28Z,1,,1700b7b6173449f29e82ea119fd0febe
spotify:track:56OrB9YiUO0tMzAL0a4a9I,322afbf1496d4fb2b5adda378cbd0ad6,2025-05-22T19:09:28Z,0,BANNED,1700b7b6173449f29e82ea119fd0febe
spotify:track:5jgFfDIR6FR0gvlA56Nakr,322afbf1496d4fb2b5adda378cbd0ad6,2025-05-22T19:09:28Z,1,,1700b7b6173449f29e82ea119fd0febe
spotify:track:25U7raB3ZSszayTYClh4hF,2365eaf4ec8543e6a865cfac9367d3ce,2025-05-23T11:44:18Z,2,,1700b7b6173449f29e82ea119fd0febe
spotify:track:3GgvAt2Cyp7GRhYy9Luus1,2365eaf4ec8543e6a865cfac9367d3ce,2025-05-23T11:44:18Z,1,I didn't know he was blind,1700b7b6173449f29e82ea119fd0febe
spotify:track:52vA3CYKZqZVdQnzRrdZt6,2365eaf4ec8543e6a865cfac9367d3ce,2025-05-23T11:44:18Z,2,,1700b7b6173449f29e82ea119fd0febe
spotify:track:5jgFfDIR6FR0gvlA56Nakr,2365eaf4ec8543e6a865cfac9367d3ce,2025-05-23T11:44:18Z,0,I like the Beatles but I don't understand why this song got so popular,1700b7b6173449f29e82ea119fd0febe
spotify:track:6X2RX9M4x4hs863DDNUMNg,4a85b1376c014463baddf7ef333ee0f6,2025-05-25T19:10:38Z,0,this is kinda good but i refuse to vote for ed sheeran on principle,1700b7b6173449f29e82ea119fd0febe
spotify:track:7AtsEX4pJqmAaIajlMwaPU,4a85b1376c014463baddf7ef333ee0f6,2025-05-25T19:10:38Z,1,"john mayers vocals always sound like he's trying way too hard, but i gotta recognize the talent",1700b7b6173449f29e82ea119fd0febe
spotify:track:0Lpk5WlrFnM0Igck2PH12t,4a85b1376c014463baddf7ef333ee0f6,2025-05-25T19:10:38Z,1,,1700b7b6173449f29e82ea119fd0febe
spotify:track:25U7raB3ZSszayTYClh4hF,4a85b1376c014463baddf7ef333ee0f6,2025-05-25T19:10:38Z,2,banger,1700b7b6173449f29e82ea119fd0febe
spotify:track:30kTybW4aEKtfOWVSLMAW8,4a85b1376c014463baddf7ef333ee0f6,2025-05-25T19:10:38Z,1,,1700b7b6173449f29e82ea119fd0febe
spotify:track:52vA3CYKZqZVdQnzRrdZt6,4a85b1376c014463baddf7ef333ee0f6,2025-05-25T19:10:38Z,0,im a certified bob dylan hater,1700b7b6173449f29e82ea119fd0febe
spotify:track:0Lpk5WlrFnM0Igck2PH12t,8e9a5b80ce6647e990d5f3804f53781e,2025-05-25T20:32:17Z,1,,1700b7b6173449f29e82ea119fd0febe
spotify:track:3GgvAt2Cyp7GRhYy9Luus1,8e9a5b80ce6647e990d5f3804f53781e,2025-05-25T20:32:17Z,1,,1700b7b6173449f29e82ea119fd0febe
spotify:track:52vA3CYKZqZVdQnzRrdZt6,8e9a5b80ce6647e990d5f3804f53781e,2025-05-25T20:32:17Z,1,,1700b7b6173449f29e82ea119fd0febe
spotify:track:5jgFfDIR6FR0gvlA56Nakr,8e9a5b80ce6647e990d5f3804f53781e,2025-05-25T20:32:17Z,2,,1700b7b6173449f29e82ea119fd0febe
spotify:track:4fLfKKoIWroefEjqpMDid7,52930c8ae91c4540b6b32838f7cad3c6,2025-05-25T22:12:39Z,1,saw this live at the Calvin theatre in north Hampton my freshman yr at Amherst with an unrequited love ‚ù§Ô∏è‚Äçüî•hits hard ,1700b7b6173449f29e82ea119fd0febe
spotify:track:52vA3CYKZqZVdQnzRrdZt6,52930c8ae91c4540b6b32838f7cad3c6,2025-05-25T22:12:39Z,0,I like chalamet‚Äôs version better ,1700b7b6173449f29e82ea119fd0febe
spotify:track:0Lpk5WlrFnM0Igck2PH12t,52930c8ae91c4540b6b32838f7cad3c6,2025-05-25T22:12:39Z,0,Fear I gave myself away in the gc this week üôÉ saw tash perform last year - they shredded like 25 instruments. Very cool solo performer ,1700b7b6173449f29e82ea119fd0febe
spotify:track:25U7raB3ZSszayTYClh4hF,52930c8ae91c4540b6b32838f7cad3c6,2025-05-25T22:12:39Z,2,ü•π one of the top songs of all time ,1700b7b6173449f29e82ea119fd0febe
spotify:track:30kTybW4aEKtfOWVSLMAW8,52930c8ae91c4540b6b32838f7cad3c6,2025-05-25T22:12:39Z,1,Pretty ,1700b7b6173449f29e82ea119fd0febe
spotify:track:3GgvAt2Cyp7GRhYy9Luus1,52930c8ae91c4540b6b32838f7cad3c6,2025-05-25T22:12:39Z,1,,1700b7b6173449f29e82ea119fd0febe
spotify:track:7AtsEX4pJqmAaIajlMwaPU,344513fa126c435d8c9d18a70e8c43c8,2025-05-26T00:25:18Z,1,,1700b7b6173449f29e82ea119fd0febe
spotify:track:6X2RX9M4x4hs863DDNUMNg,344513fa126c435d8c9d18a70e8c43c8,2025-05-26T00:25:18Z,1,,1700b7b6173449f29e82ea119fd0febe
spotify:track:4fLfKKoIWroefEjqpMDid7,344513fa126c435d8c9d18a70e8c43c8,2025-05-26T00:25:18Z,1,,1700b7b6173449f29e82ea119fd0febe
spotify:track:25U7raB3ZSszayTYClh4hF,344513fa126c435d8c9d18a70e8c43c8,2025-05-26T00:25:18Z,1,,1700b7b6173449f29e82ea119fd0febe
spotify:track:0Lpk5WlrFnM0Igck2PH12t,344513fa126c435d8c9d18a70e8c43c8,2025-05-26T00:25:18Z,1,,1700b7b6173449f29e82ea119fd0febe
spotify:track:56OrB9YiUO0tMzAL0a4a9I,2514636114c2431a903f1cad7eaf72e5,2025-05-26T00:57:03Z,0,shame,1700b7b6173449f29e82ea119fd0febe
spotify:track:5jgFfDIR6FR0gvlA56Nakr,2514636114c2431a903f1cad7eaf72e5,2025-05-26T00:57:03Z,0,"1. this was released by the Beatles (plural) and not the Beatle (Paul McCartney)
2. Original song was credited to Paul and Lennon 
3. I saw the ZUMBYES perform this at amherst graduation this weekend ‚Äî not good 

I can‚Äôt give this votes 

I think it‚Äôs Matai because he defended it in the groupchat",1700b7b6173449f29e82ea119fd0febe
spotify:track:0Lpk5WlrFnM0Igck2PH12t,2514636114c2431a903f1cad7eaf72e5,2025-05-26T00:57:03Z,1,"Ill have to trust you that this was one person making this song 

Okay im watching the YouTube video of him now this is really cool. If you haven‚Äôt watched it, this guy is playing instruments and looping it to make the song ",1700b7b6173449f29e82ea119fd0febe
spotify:track:25U7raB3ZSszayTYClh4hF,2514636114c2431a903f1cad7eaf72e5,2025-05-26T00:57:03Z,2,"I love this song and I was going to submit it but hesitated because I thought it was too generic 

I think this was Jake ",1700b7b6173449f29e82ea119fd0febe
spotify:track:30kTybW4aEKtfOWVSLMAW8,2514636114c2431a903f1cad7eaf72e5,2025-05-26T00:57:03Z,1,this is a sad song who is this guy ,1700b7b6173449f29e82ea119fd0febe
spotify:track:3GgvAt2Cyp7GRhYy9Luus1,2514636114c2431a903f1cad7eaf72e5,2025-05-26T00:57:03Z,1,"when I wrote this prompt this is exactly the vibe I was going for 

Btw I noticed there are no women this round ‚Äî maybe I should‚Äôve said one-man or -woman band",1700b7b6173449f29e82ea119fd0febe
spotify:track:00Mb3DuaIH1kjrwOku9CGU,322afbf1496d4fb2b5adda378cbd0ad6,2025-05-29T13:20:32Z,4,,1117f97da7ad4cc48b8f89f7f07c1ab0
spotify:track:4DTrKnvkHtwQN6kBu4XXIF,322afbf1496d4fb2b5adda378cbd0ad6,2025-05-29T13:20:32Z,1,,1117f97da7ad4cc48b8f89f7f07c1ab0
spotify:track:00Mb3DuaIH1kjrwOku9CGU,2514636114c2431a903f1cad7eaf72e5,2025-05-30T13:25:37Z,1,God I love this song,1117f97da7ad4cc48b8f89f7f07c1ab0
spotify:track:2uIX8YMNjGMD7441kqyyNU,2514636114c2431a903f1cad7eaf72e5,2025-05-30T13:25:37Z,0,lamine yamal lol ,1117f97da7ad4cc48b8f89f7f07c1ab0
spotify:track:32d8PvwQ5G0r4uvBGdGBRz,2514636114c2431a903f1cad7eaf72e5,2025-05-30T13:25:37Z,0,This was a hard listen bro,1117f97da7ad4cc48b8f89f7f07c1ab0
spotify:track:3qoX2a5dqsEpqczUxTzVA1,2514636114c2431a903f1cad7eaf72e5,2025-05-30T13:25:37Z,0,"Artist repeater

But its less bad because Lord Kibbles has 17 monthly Spotify listeners

""I pour my cereal first im not an idiot, uh""",1117f97da7ad4cc48b8f89f7f07c1ab0
spotify:track:3rLIv187BhjyweFe89SgLn,2514636114c2431a903f1cad7eaf72e5,2025-05-30T13:25:37Z,1,"This is such a basic submission but its so good it would be a crime to not give it a vote

When Matai‚Äôs song is mentioned in the groupchat, I‚Äôve noticed that he defends it immediately and passionately (and in case, rightfully)",1117f97da7ad4cc48b8f89f7f07c1ab0
spotify:track:4DTrKnvkHtwQN6kBu4XXIF,2514636114c2431a903f1cad7eaf72e5,2025-05-30T13:25:37Z,2,I was not expecting to hear Lemonade Mouth songs,1117f97da7ad4cc48b8f89f7f07c1ab0
spotify:track:4lRrk574qIHpoEEKC1zuam,2514636114c2431a903f1cad7eaf72e5,2025-05-30T13:25:37Z,0,"Age aint nothing but a number. 

That album name is an Easter egg that I would normally reward but I can‚Äôt this time because I didn‚Äôt like the song. 

I even thought, ‚ÄúThis is probably the one Aaliyah song I don‚Äôt like because I like Aaliyah, right?‚Äù So I listened to her top 10 songs and I didn‚Äôt like any of them",1117f97da7ad4cc48b8f89f7f07c1ab0
spotify:track:5wANPM4fQCJwkGd4rN57mH,2514636114c2431a903f1cad7eaf72e5,2025-05-30T13:25:37Z,1,"Being 17 and writing a song about getting your drivers license really captures the spirit of the prompt

This is the only time i will ever vote for tiktok slop 
",1117f97da7ad4cc48b8f89f7f07c1ab0
spotify:track:6wCbHb0QEEdka3ymfImn4l,2514636114c2431a903f1cad7eaf72e5,2025-05-30T13:25:37Z,0,I wish I could give this a vote but unfortunately I gave Bridget mendler or whatever her name is on Lemonade Mouth two votes ,1117f97da7ad4cc48b8f89f7f07c1ab0
spotify:track:7xYnUQigPoIDAMPVK79NEq,2514636114c2431a903f1cad7eaf72e5,2025-05-30T13:25:37Z,0,"Because Juelz Santana was allegedly >18 at the time of this song's release, I cannot give Run It! a vote.",1117f97da7ad4cc48b8f89f7f07c1ab0
spotify:track:00Mb3DuaIH1kjrwOku9CGU,ed0161afb03b4ca1bec408592183e62a,2025-05-30T20:05:26Z,0,Not for me,1117f97da7ad4cc48b8f89f7f07c1ab0
spotify:track:2MvvoeRt8NcOXWESkxWn3g,ed0161afb03b4ca1bec408592183e62a,2025-05-30T20:05:26Z,1,Lorde is iconic ,1117f97da7ad4cc48b8f89f7f07c1ab0
spotify:track:2uIX8YMNjGMD7441kqyyNU,ed0161afb03b4ca1bec408592183e62a,2025-05-30T20:05:26Z,1,,1117f97da7ad4cc48b8f89f7f07c1ab0
spotify:track:3qoX2a5dqsEpqczUxTzVA1,ed0161afb03b4ca1bec408592183e62a,2025-05-30T20:05:26Z,0,This hurt my ears ,1117f97da7ad4cc48b8f89f7f07c1ab0
spotify:track:3rLIv187BhjyweFe89SgLn,ed0161afb03b4ca1bec408592183e62a,2025-05-30T20:05:26Z,1,Such a good throwback ,1117f97da7ad4cc48b8f89f7f07c1ab0
spotify:track:5wANPM4fQCJwkGd4rN57mH,ed0161afb03b4ca1bec408592183e62a,2025-05-30T20:05:26Z,2,Obsessed with this song ,1117f97da7ad4cc48b8f89f7f07c1ab0
spotify:track:00Mb3DuaIH1kjrwOku9CGU,2365eaf4ec8543e6a865cfac9367d3ce,2025-05-31T12:17:34Z,1,,1117f97da7ad4cc48b8f89f7f07c1ab0
spotify:track:2uIX8YMNjGMD7441kqyyNU,2365eaf4ec8543e6a865cfac9367d3ce,2025-05-31T12:17:34Z,1,,1117f97da7ad4cc48b8f89f7f07c1ab0
spotify:track:3qoX2a5dqsEpqczUxTzVA1,2365eaf4ec8543e6a865cfac9367d3ce,2025-05-31T12:17:34Z,1,,1117f97da7ad4cc48b8f89f7f07c1ab0
spotify:track:3rLIv187BhjyweFe89SgLn,2365eaf4ec8543e6a865cfac9367d3ce,2025-05-31T12:17:34Z,1,,1117f97da7ad4cc48b8f89f7f07c1ab0
spotify:track:5wANPM4fQCJwkGd4rN57mH,2365eaf4ec8543e6a865cfac9367d3ce,2025-05-31T12:17:34Z,1,,1117f97da7ad4cc48b8f89f7f07c1ab0
spotify:track:00Mb3DuaIH1kjrwOku9CGU,4797322ebba74139bb8dd84877d43b7b,2025-05-31T13:22:25Z,1,,1117f97da7ad4cc48b8f89f7f07c1ab0
spotify:track:2uIX8YMNjGMD7441kqyyNU,4797322ebba74139bb8dd84877d43b7b,2025-05-31T13:22:25Z,1,,1117f97da7ad4cc48b8f89f7f07c1ab0
spotify:track:32d8PvwQ5G0r4uvBGdGBRz,4797322ebba74139bb8dd84877d43b7b,2025-05-31T13:22:25Z,1,,1117f97da7ad4cc48b8f89f7f07c1ab0
spotify:track:6wCbHb0QEEdka3ymfImn4l,4797322ebba74139bb8dd84877d43b7b,2025-05-31T13:22:25Z,1,,1117f97da7ad4cc48b8f89f7f07c1ab0
spotify:track:7xYnUQigPoIDAMPVK79NEq,4797322ebba74139bb8dd84877d43b7b,2025-05-31T13:22:25Z,1,,1117f97da7ad4cc48b8f89f7f07c1ab0
spotify:track:00Mb3DuaIH1kjrwOku9CGU,8e9a5b80ce6647e990d5f3804f53781e,2025-05-31T19:27:36Z,0,eh,1117f97da7ad4cc48b8f89f7f07c1ab0
spotify:track:10M2Te7Id9BmkgkXgEaE1B,8e9a5b80ce6647e990d5f3804f53781e,2025-05-31T19:27:36Z,0,"This is a band name I've heard floating around before and it prompted me to listen to their album which came out this year. I thank you for that.

I'm trying to figure out what exactly this reminds me of. Kinda Slint / The Breeders / Daydream Nation-era Sonic Youth (which to be fair is the only era of Sonic Youth I am even a little familiar with). It's very late 80s / early 90s alt-rock.

I've been following this band called Speedial from Australia that sounds similar to this but with more horns.",1117f97da7ad4cc48b8f89f7f07c1ab0
spotify:track:2uIX8YMNjGMD7441kqyyNU,8e9a5b80ce6647e990d5f3804f53781e,2025-05-31T19:27:36Z,0,Lamine Yamal came second so wouldn't he be the Billie Eilish of soccer. This song is pretty good but all of her actual album stuff is much better,1117f97da7ad4cc48b8f89f7f07c1ab0
spotify:track:32d8PvwQ5G0r4uvBGdGBRz,8e9a5b80ce6647e990d5f3804f53781e,2025-05-31T19:27:36Z,0,This album is overproduced I wished they used less autotune on his voice. He sounds too perfect. The Walmart video had edge. I want to hear Mason. Not fake perfect Mason.,1117f97da7ad4cc48b8f89f7f07c1ab0
spotify:track:3qoX2a5dqsEpqczUxTzVA1,8e9a5b80ce6647e990d5f3804f53781e,2025-05-31T19:27:36Z,0,"Honestly, if the lyrics weren't stupid mid 2010s edginess I'd think it was fun. I think this one is Zach because he is fatphobic.",1117f97da7ad4cc48b8f89f7f07c1ab0
spotify:track:3rLIv187BhjyweFe89SgLn,8e9a5b80ce6647e990d5f3804f53781e,2025-05-31T19:27:36Z,2,"One Time and Somebody to Love are the peak of early Bieber. 

I have no idea why he would name a song this. The label is dumb for that.",1117f97da7ad4cc48b8f89f7f07c1ab0
spotify:track:4DTrKnvkHtwQN6kBu4XXIF,8e9a5b80ce6647e990d5f3804f53781e,2025-05-31T19:27:36Z,1,"Lemonade Mouth is an overrated DCOM if we're being honest. It's not moving me like the late greats. Also I couldn't care less if Bridget Mendler went to Harvard and started a company.

Song kinda bangs though",1117f97da7ad4cc48b8f89f7f07c1ab0
spotify:track:4lRrk574qIHpoEEKC1zuam,8e9a5b80ce6647e990d5f3804f53781e,2025-05-31T19:27:36Z,1,"*Rick Dalton Pointing At Screen*

Age is Nothing But A Number is an absurd album title (it became more absurd when I realized it was about R Kelly). Good song. 90s and early 2000s RnB / neo-Soul is undefeated. Every time I get a song rec from that era it's fire",1117f97da7ad4cc48b8f89f7f07c1ab0
spotify:track:5wANPM4fQCJwkGd4rN57mH,8e9a5b80ce6647e990d5f3804f53781e,2025-05-31T19:27:36Z,1,Yeah this song is great and I like Olivia,1117f97da7ad4cc48b8f89f7f07c1ab0
spotify:track:6wCbHb0QEEdka3ymfImn4l,8e9a5b80ce6647e990d5f3804f53781e,2025-05-31T19:27:36Z,0,Album cover goes hard as fuck,1117f97da7ad4cc48b8f89f7f07c1ab0
spotify:track:7xYnUQigPoIDAMPVK79NEq,8e9a5b80ce6647e990d5f3804f53781e,2025-05-31T19:27:36Z,0,"Like a year and a half ago I was beefing with a friend of a friend cause I asked her to play forever by Chris Brown in the car. She wanted to cancel me. 

I will not vote for this because we have laws for a reason. Fuck you.",1117f97da7ad4cc48b8f89f7f07c1ab0
spotify:track:00Mb3DuaIH1kjrwOku9CGU,52930c8ae91c4540b6b32838f7cad3c6,2025-06-01T15:26:08Z,1,C u l8r boi üíØ,1117f97da7ad4cc48b8f89f7f07c1ab0
spotify:track:10M2Te7Id9BmkgkXgEaE1B,52930c8ae91c4540b6b32838f7cad3c6,2025-06-01T15:26:08Z,1,This one grew on me this week ,1117f97da7ad4cc48b8f89f7f07c1ab0
spotify:track:2MvvoeRt8NcOXWESkxWn3g,52930c8ae91c4540b6b32838f7cad3c6,2025-06-01T15:26:08Z,1,Rediscovered this when I first moved to NYC and have such a love for this one ,1117f97da7ad4cc48b8f89f7f07c1ab0
spotify:track:2uIX8YMNjGMD7441kqyyNU,52930c8ae91c4540b6b32838f7cad3c6,2025-06-01T15:26:08Z,0,Basic pick ,1117f97da7ad4cc48b8f89f7f07c1ab0
spotify:track:3qoX2a5dqsEpqczUxTzVA1,52930c8ae91c4540b6b32838f7cad3c6,2025-06-01T15:26:08Z,0,Not for me ,1117f97da7ad4cc48b8f89f7f07c1ab0
spotify:track:3rLIv187BhjyweFe89SgLn,52930c8ae91c4540b6b32838f7cad3c6,2025-06-01T15:26:08Z,1,I miss this version of Justin before he was corrupted by the music industry ,1117f97da7ad4cc48b8f89f7f07c1ab0
spotify:track:4DTrKnvkHtwQN6kBu4XXIF,52930c8ae91c4540b6b32838f7cad3c6,2025-06-01T15:26:08Z,0,hayley kiyoko Is mommy. Sounds too similar to Kelly Clarkson‚Äôs : my life would suck without you ,1117f97da7ad4cc48b8f89f7f07c1ab0
spotify:track:4lRrk574qIHpoEEKC1zuam,52930c8ae91c4540b6b32838f7cad3c6,2025-06-01T15:26:08Z,0,I‚Äôve heard these lyrics before in another song. If someone knows what I‚Äôm talking about lmk. I love positive motivating force within my life - poetry ,1117f97da7ad4cc48b8f89f7f07c1ab0
spotify:track:5wANPM4fQCJwkGd4rN57mH,52930c8ae91c4540b6b32838f7cad3c6,2025-06-01T15:26:08Z,1,She set the bar high for herself. I love that she calls Sabrina ‚Äúso much older‚Äù than her ,1117f97da7ad4cc48b8f89f7f07c1ab0
spotify:track:00Mb3DuaIH1kjrwOku9CGU,344513fa126c435d8c9d18a70e8c43c8,2025-06-01T22:24:42Z,1,,1117f97da7ad4cc48b8f89f7f07c1ab0
spotify:track:2MvvoeRt8NcOXWESkxWn3g,344513fa126c435d8c9d18a70e8c43c8,2025-06-01T22:24:42Z,1,,1117f97da7ad4cc48b8f89f7f07c1ab0
spotify:track:2uIX8YMNjGMD7441kqyyNU,344513fa126c435d8c9d18a70e8c43c8,2025-06-01T22:24:42Z,1,,1117f97da7ad4cc48b8f89f7f07c1ab0
spotify:track:32d8PvwQ5G0r4uvBGdGBRz,344513fa126c435d8c9d18a70e8c43c8,2025-06-01T22:24:42Z,1,,1117f97da7ad4cc48b8f89f7f07c1ab0
spotify:track:5wANPM4fQCJwkGd4rN57mH,344513fa126c435d8c9d18a70e8c43c8,2025-06-01T22:24:42Z,1,,1117f97da7ad4cc48b8f89f7f07c1ab0
spotify:track:2uIX8YMNjGMD7441kqyyNU,625a8e9783544e6f82716b1d55cfae43,2025-06-02T02:00:01Z,2,Love it,1117f97da7ad4cc48b8f89f7f07c1ab0
spotify:track:3rLIv187BhjyweFe89SgLn,625a8e9783544e6f82716b1d55cfae43,2025-06-02T02:00:01Z,0,Basic,1117f97da7ad4cc48b8f89f7f07c1ab0
spotify:track:4DTrKnvkHtwQN6kBu4XXIF,625a8e9783544e6f82716b1d55cfae43,2025-06-02T02:00:01Z,0,"Been sleeping on LM, but no enough for a vote",1117f97da7ad4cc48b8f89f7f07c1ab0
spotify:track:4lRrk574qIHpoEEKC1zuam,625a8e9783544e6f82716b1d55cfae43,2025-06-02T02:00:01Z,1,Voice of an angel,1117f97da7ad4cc48b8f89f7f07c1ab0
spotify:track:5wANPM4fQCJwkGd4rN57mH,625a8e9783544e6f82716b1d55cfae43,2025-06-02T02:00:01Z,2,,1117f97da7ad4cc48b8f89f7f07c1ab0
