Spotify URI,Title,Album,Artist(s),Submitter ID,Created,Comment,Round ID,Visible To Voters
spotify:track:2C1RKDf1aqP7DqNMSGcZ9u,Try Me (Never Broke Again feat. YoungBoy Never Broke Again & WHOGANGDEE),Compliments of Grave Digger Mountain,"Never Broke Again, YoungBoy Never Broke Again, WhoGangDee",289b6ce1643d401f950a6eb514ddfd36,2025-02-25T16:43:08Z,Ad lib 2:18,6c855171a9aa47209e2587392650700f,Yes
spotify:track:4Fvnz1ZJ86IdqDAepWYPAh,"Volver, Volver",Arriba Huentitan,Vicente Fern√°ndez,2514636114c2431a903f1cad7eaf72e5,2025-02-27T23:06:28Z,@1:49,6c855171a9aa47209e2587392650700f,Yes
spotify:track:4t9PBD27dndlf6YMBK2ROc,Track 10,Pop 2,Charli xcx,8ad71d9554d24eaf877dda25758aae45,2025-02-27T22:39:17Z,,6c855171a9aa47209e2587392650700f,No
spotify:track:4VbDJMkAX3dWNBdn3KH6Wx,Helena Beat,Torches,Foster The People,80213310c71e48b297cb1223ff34a32c,2025-03-02T06:14:08Z,0:10-0:20,6c855171a9aa47209e2587392650700f,Yes
spotify:track:5HOpkTTVcmZHnthgyxrIL8,The Fox (What Does the Fox Say?),The Fox (What Does the Fox Say?),Ylvis,b610d55f12f147b89502873c4b93e5ef,2025-03-03T23:00:50Z,0:36 and variations throughout,6c855171a9aa47209e2587392650700f,Yes
spotify:track:5qFL2uwfnGU8FccwLMgPNQ,Internet Friends,100% No Modern Talking,Knife Party,2188964000cf410c8dbf4fd04eb76fed,2025-02-25T16:54:00Z,"Listen to the first two minutes. It‚Äôs a series of sounds, words and noises",6c855171a9aa47209e2587392650700f,Yes
spotify:track:67nepsnrcZkowTxMWigSbb,MELTDOWN (feat. Drake),UTOPIA,"Travis Scott, Drake",1cd356096fa0498aa955acf21944c65d,2025-02-25T18:04:56Z,tie fighter sound effects at 1:47 and 2:08,6c855171a9aa47209e2587392650700f,No
spotify:track:6DCZcSspjsKoFjzjrWoCdn,God's Plan,Scorpion,Drake,eab45a88f95d4ae893e32ca723946d60,2025-02-25T18:42:52Z,Cowbell from hell on the 7 and 11 every other measure,6c855171a9aa47209e2587392650700f,Yes
spotify:track:6oWacAPUt8LMXqRkEk2MNg,"Tchaikovsky: 1812 Overture in E-Flat Major, Op. 49",Last Night of the Proms,"Pyotr Ilyich Tchaikovsky, Royal Philharmonic Orchestra, Lucy Parham, Philip Ellis",043c232c2e1040a2bc082eac10f81f12,2025-03-04T05:43:54Z,Cannons? In a classical music auditorium? The first listeners probably shit their pants. It's near the end i don't have time to timestamp this,6c855171a9aa47209e2587392650700f,Yes
spotify:track:7eqoqGkKwgOaWNNHx90uEZ,Nights,Blonde,Frank Ocean,0c04c978ff14409e9018621377b6b7e9,2025-03-04T00:13:48Z,you know it,6c855171a9aa47209e2587392650700f,Yes
spotify:track:0GO8y8jQk1PkHzS31d699N,Tongue Tied,Never Trust a Happy Song,GROUPLOVE,0c04c978ff14409e9018621377b6b7e9,2025-03-10T20:59:53Z,im flying,946ab7cef8384db7a2dea5682bdd402a,Yes
spotify:track:0iHM15LWwmO99m40tMiihz,Runaways,Runaways,Morris Madrone,043c232c2e1040a2bc082eac10f81f12,2025-03-06T03:14:14Z,both the beat and the lyrics (battling the devil) are fire-this song just slaps,946ab7cef8384db7a2dea5682bdd402a,Yes
spotify:track:0m4donue5KgOq9D9s6wfTu,Horse,Horse,Salvatore Ganacci,2514636114c2431a903f1cad7eaf72e5,2025-03-10T16:53:55Z,,946ab7cef8384db7a2dea5682bdd402a,Yes
spotify:track:12cZWGf5ZgLcKubEW9mx5q,HOPE,HOPE,NF,2188964000cf410c8dbf4fd04eb76fed,2025-03-09T12:53:04Z,Starts slow but the last 40 seconds makes me want to run through a brick wall. Listen to the lyrics across the song - but especially the last part,946ab7cef8384db7a2dea5682bdd402a,Yes
spotify:track:3jcLvEuBrBZvtxYBYmqZfm,Cyber Overload,Cyber Overload,Waymo Wanker,eab45a88f95d4ae893e32ca723946d60,2025-03-07T23:53:47Z,A pre work jerk classic,946ab7cef8384db7a2dea5682bdd402a,No
spotify:track:3QBbRbF51EwVKeECZ1Hwy0,HOT HOT,HOT HOT,Bree Runway,8ad71d9554d24eaf877dda25758aae45,2025-03-10T17:36:05Z,"If ""ride that boy face like a yamaha"" doesn't get you hyped, I don't know what will",946ab7cef8384db7a2dea5682bdd402a,Yes
spotify:track:3vkQ5DAB1qQMYO4Mr9zJN6,Gimme! Gimme! Gimme! (A Man After Midnight),Voulez-Vous,ABBA,6521770c9aeb4bffb740a9141e624077,2025-03-08T17:15:31Z,,946ab7cef8384db7a2dea5682bdd402a,No
spotify:track:4vYyEXVJSk0JjjYJhg6P4O,Cowboys,Troubled Paradise,Slayyyter,1cd356096fa0498aa955acf21944c65d,2025-03-08T21:04:00Z,cheeky guitar intro then beat drop at 0:35‚Äìabsolutely electric ‚ö°Ô∏è ,946ab7cef8384db7a2dea5682bdd402a,Yes
spotify:track:5XW4BwCrfYpci5zMbJxs4N,Do Ya Wanna Taste It,Non Stop Rock'n Roll,Wig Wam,80213310c71e48b297cb1223ff34a32c,2025-03-06T05:48:02Z,,946ab7cef8384db7a2dea5682bdd402a,No
spotify:track:6TfBA04WJ3X1d1wXhaCFVT,"You're Gonna Go Far, Kid","Rise And Fall, Rage And Grace",The Offspring,289b6ce1643d401f950a6eb514ddfd36,2025-03-05T22:15:28Z,Play this in the club and i will do unspeakable things,946ab7cef8384db7a2dea5682bdd402a,No
spotify:track:7poA10I15kvSUH6m44fQkS,Last Resort - The Rework,Last Resort (The Rework),"Papa Roach, Kayzo",b610d55f12f147b89502873c4b93e5ef,2025-03-10T18:46:52Z,An already hype song made even more hype. I can personally attest to this song's effectiveness in the weight room,946ab7cef8384db7a2dea5682bdd402a,Yes
spotify:track:0R5nPSbAqQoNjKBByWnN95,Highway Song,Strikes,Blackfoot,0c04c978ff14409e9018621377b6b7e9,2025-03-18T02:53:57Z,sources say the solo is at 4:23 and lasts the rest of the song,04df9627f4ec4b809959a455205db334,Yes
spotify:track:1uaGSDFsLdReQgg8p7Obwh,Avril 14th,Drukqs,Aphex Twin,eab45a88f95d4ae893e32ca723946d60,2025-03-11T17:49:52Z,the whole thing (it‚Äôs short),04df9627f4ec4b809959a455205db334,Yes
spotify:track:2tAeN2TKlQLOoSPXtARzBV,Eruption - 2015 Remaster,Van Halen (Remastered),Van Halen,2188964000cf410c8dbf4fd04eb76fed,2025-03-18T01:41:57Z,It‚Äôs the whole song - probably the craziest guitar solo out there. Eddie Van Halen truly was a wizard  ,04df9627f4ec4b809959a455205db334,Yes
spotify:track:3Vj7fRefltLc0zcNnjux4e,"The Curtain - Live From Dordrecht, Het Energiehuis / 2014",Sylva,"Snarky Puppy, Metropole Orkest",b610d55f12f147b89502873c4b93e5ef,2025-03-18T03:49:30Z,"This whole 15 minute song is awesome but there are 2 really cool solos. The first is 8:25-9:50 and might be more technically difficult. However, It leads into the second at 10:10-13:20 which is beautiful and really touches my soul. If you want to see how impressive both are you should check out the video while you listen: https://www.youtube.com/watch?v=kCGfDLeAc64",04df9627f4ec4b809959a455205db334,Yes
spotify:track:5e0vgBWfwToyphURwynSXa,Run Away With Me,Emotion,Carly Rae Jepsen,8ad71d9554d24eaf877dda25758aae45,2025-03-16T02:19:05Z,"come for the sax (solos the intro, 0:00), stay for a banger",04df9627f4ec4b809959a455205db334,No
spotify:track:5EWPGh7jbTNO2wakv8LjUI,Free Bird,Pronounced' Leh-'Nerd 'Skin-'Nerd,Lynyrd Skynyrd,6521770c9aeb4bffb740a9141e624077,2025-03-11T18:18:20Z,4:56 for a truly elite guitar solo,04df9627f4ec4b809959a455205db334,Yes
spotify:track:5RKQ5NdjSh2QzD4MaunT91,Don't Stop Believin' (2022 Remaster),Escape (2022 Remaster),Journey,80213310c71e48b297cb1223ff34a32c,2025-03-13T19:51:09Z,Honestly checking if anyone else has already submitted ,04df9627f4ec4b809959a455205db334,No
spotify:track:5WDLRQ3VCdVrKw0njWe5E5,Careless Whisper,Ladies & Gentlemen,George Michael,289b6ce1643d401f950a6eb514ddfd36,2025-03-13T19:49:18Z,"This has to be one of the most iconic instrumental solos in the history of popular music. George Michaels songwriting and performance is completely perfect, but he allows one of the greatest instrumental solos in the history of music to shine. 

Timestamp: 0:01 and various times throughout the track",04df9627f4ec4b809959a455205db334,No
spotify:track:6QDbGdbJ57Mtkflsg42WV5,Hot for Teacher - 2015 Remaster,1984 (Remastered),Van Halen,043c232c2e1040a2bc082eac10f81f12,2025-03-16T18:25:50Z,"Song is built on sweet solos. Drum intro Start-0:30. Guitar intro solo 0:30-0:44 and MAIN SOLO 3:06-3:36. 
Also great solo guitar riff occurs 3 times (0:58-1:12, 2:02-2:16, 3:37-3:51) but this is just extra",04df9627f4ec4b809959a455205db334,Yes
spotify:track:6SQLk9HSNketfgs2AyIiMs,She,Fine Line,Harry Styles,1cd356096fa0498aa955acf21944c65d,2025-03-17T21:16:21Z,"more psychedelic than any other solo i have saved. guitar intensity builds every time he moves into the chorus, leading to an electric ‚ö°Ô∏èsolo that starts at 3:33 which takes the listener (me, and now you) into the stratosphere ",04df9627f4ec4b809959a455205db334,Yes
spotify:track:70C4NyhjD5OZUMzvWZ3njJ,Piano Man,Piano Man (Legacy Edition),Billy Joel,2514636114c2431a903f1cad7eaf72e5,2025-03-18T00:16:08Z,"The entire intro through 0:30, 3:26 Piano and 3:57 Harmonica",04df9627f4ec4b809959a455205db334,Yes
spotify:track:0Exki6SgSuYfWQDP0npFlF,Pushing It Down and Praying,Older (and Wiser),Lizzy McAlpine,2188964000cf410c8dbf4fd04eb76fed,2025-03-25T02:20:03Z,I actually like the song but the lyrics always make me lol,901b9b2f99d84d4493c098985dacc2f6,Yes
spotify:track:0i1MYEhY389gOGq7G4QCot,"Sorry, Blame It On Me","Sorry, Blame It On Me",Akon,8ad71d9554d24eaf877dda25758aae45,2025-03-24T17:34:28Z,"in a somber ballad about taking responsibility for his actions, man makes sure to blame everyone else in the situation as well",901b9b2f99d84d4493c098985dacc2f6,Yes
spotify:track:11MyiSGZSYSmhhqwGUTtAq,Sad Girl,Ultraviolence (Deluxe),Lana Del Rey,1cd356096fa0498aa955acf21944c65d,2025-03-22T01:53:21Z,"She makes fun of the subject for not wanting to be a side girl, while simultaneously complaining about being her man‚Äòs side girl‚Äîlana,  honey wyd?",901b9b2f99d84d4493c098985dacc2f6,Yes
spotify:track:1nFtiJxYdhtFfFtfXBv06s,Something In The Way,Nevermind (Remastered),Nirvana,80213310c71e48b297cb1223ff34a32c,2025-03-20T03:06:53Z,"There‚Äôs something in my asssssssss (hnghhhh, uggggghn) ",901b9b2f99d84d4493c098985dacc2f6,Yes
spotify:track:1QFw2xxyQtgKjlrMCEqsNj,Papaoutai,Racine Carr√©e (Standard US Version),Stromae,2514636114c2431a903f1cad7eaf72e5,2025-03-25T00:19:40Z,"Stromae, the Belgian-Rwandan singer, is most famous for Alors On Danse (2010), which you've probably heard in the club. You've probably heard this song in the club too, because it charted in 2013 in the US ""Hot Dance/Electronic Songs."" Imagine dancing to this song in the club when you find out ""Papaoutai"" is a rough translation of ""Dad, where are you?"" The song is about Stromae's father who was killed in the Rwandan GENOCIDE. WHY WOULD YOU MAKE A CLUB SONG ABOUT THE RWANDAN GENOCIDE",901b9b2f99d84d4493c098985dacc2f6,Yes
spotify:track:21jEuMn2lf37715rwjow2M,The Freshmen,Villains,The Verve Pipe,6521770c9aeb4bffb740a9141e624077,2025-03-19T22:39:00Z,I do just like this song. It's nostalgic and brings me back to angsty middle school. This choice hinges on your reaction to the second verse. The casual upgrade of being sad about a breakup to feeling guilty about suicide is truly unhinged. And the reaction to that was making a power ballad Nickelback ass song out of it!!! Classic comedy,901b9b2f99d84d4493c098985dacc2f6,Yes
spotify:track:3DEBzWeKiotejoASmaaMZV,Creve Coeur 1,The Rise of Hobo Johnson,Hobo Johnson,0c04c978ff14409e9018621377b6b7e9,2025-03-22T17:09:28Z,worst tiny desk concert of all time,901b9b2f99d84d4493c098985dacc2f6,Yes
spotify:track:67T6l4q3zVjC5nZZPXByU8,Whatcha Say,Jason Derulo,Jason Derulo,eab45a88f95d4ae893e32ca723946d60,2025-03-19T20:40:38Z,,901b9b2f99d84d4493c098985dacc2f6,Yes
spotify:track:6e7N7cQ8MuPtu3FweRQYJz,My Heart Will Go On,JE SUIS : C√âLINE DION (Bande originale du film),C√©line Dion,043c232c2e1040a2bc082eac10f81f12,2025-03-19T21:33:59Z,,901b9b2f99d84d4493c098985dacc2f6,No
spotify:track:6Vc5wAMmXdKIAM7WUoEb7N,Say Something,Is There Anybody Out There?,"A Great Big World, Christina Aguilera",289b6ce1643d401f950a6eb514ddfd36,2025-03-19T20:32:53Z,You know i had to do it. ,901b9b2f99d84d4493c098985dacc2f6,No
spotify:track:79hMrgR0UG9QJ67I2ZzzL4,Tears In My Jizz,"Sex, Drugs & Country Music",Wheeler Walker Jr.,b610d55f12f147b89502873c4b93e5ef,2025-03-25T00:23:02Z,,901b9b2f99d84d4493c098985dacc2f6,No
spotify:track:0l6QPfFTqsIjpIFGgP9WmS,Chrome Dome,Oroku Saki,Mickey Diamond,289b6ce1643d401f950a6eb514ddfd36,2025-03-31T18:17:55Z,"The masked man, they try to end my story, throw me in the trash can (Shredder)
I let it fly, like Robert Horry from the the corner, save the last dance
Chillin' in my B-Boy stance, my hands glow like Bruce Leroy (Diamonds, what?)
Umbrella Enterprizes, Leonard Nimoy
Armored like a Ronan Warrior, I need my flowers like Sequoia",78856ebc44b1450f890284cf6ec55448,Yes
spotify:track:0wOtc2nY3NOohp4xSwOyTN,We Might Even Be Falling In Love (Duet),We Might Even Be Falling In Love (Duet),"Victoria Mon√©t, Bryson Tiller",1cd356096fa0498aa955acf21944c65d,2025-03-30T01:00:02Z,the original interlude is only 50 seconds but the duet takes makes it ‚ö°Ô∏è,78856ebc44b1450f890284cf6ec55448,Yes
spotify:track:1FTSo4v6BOZH9QxKc3MbVM,Song 2 - 2012 Remaster,Blur (Special Edition),Blur,80213310c71e48b297cb1223ff34a32c,2025-03-30T16:53:14Z,,78856ebc44b1450f890284cf6ec55448,No
spotify:track:1kKDVYavcoEH5N6R6ezM6T,Sam,The Ballad of Dood & Juanita,Sturgill Simpson,043c232c2e1040a2bc082eac10f81f12,2025-03-30T03:49:24Z,The harmony and lyrics of this song are simply perfect,78856ebc44b1450f890284cf6ec55448,Yes
spotify:track:1YR9iNGXtsbrd8deR9ULDD,Jesus Is The One (I Got Depression),Jesus Is The One (I Got Depression),"Zack Fox, Kenny Beats",b610d55f12f147b89502873c4b93e5ef,2025-03-30T01:57:55Z,RIP Betty White,78856ebc44b1450f890284cf6ec55448,No
spotify:track:21Qsj3cMVCx2xF2EVVNbEu,Fell In Love With a Girl,White Blood Cells,The White Stripes,2188964000cf410c8dbf4fd04eb76fed,2025-03-31T21:45:32Z,,78856ebc44b1450f890284cf6ec55448,No
spotify:track:4BoWM5jPzcJQTOehHM6rd4,Say Less,Golden Age,Rosie Darling,8ad71d9554d24eaf877dda25758aae45,2025-03-31T17:53:14Z,"Banger. Plus, the title is topical",78856ebc44b1450f890284cf6ec55448,Yes
spotify:track:4vy1EFZOSZ5yN0fdRaIG57,SKIPP,Alligator Bites Never Heal,Doechii,2514636114c2431a903f1cad7eaf72e5,2025-03-31T00:22:02Z,"Whole crew on that hot shit. 

Thank you, Grammy-award-winning Doechii, for blessing us with this 1:40 slice of heaven.",78856ebc44b1450f890284cf6ec55448,Yes
spotify:track:5dgXKKrU6A9kccwDfANdjS,Challengers,Challengers (Original Score),Trent Reznor and Atticus Ross,eab45a88f95d4ae893e32ca723946d60,2025-03-31T00:08:35Z,"Unfortunately the context for this one is gonna run you 131 minutes, but it‚Äôs absolutely worthwhile and critical for appreciating this 85 second masterpiece.

my letterboxd review: https://boxd.it/83wwDT",78856ebc44b1450f890284cf6ec55448,Yes
spotify:track:60lZdI86YUOYsHBxfVfdHY,RGSS,RGSS,Brian David Gilbert,0c04c978ff14409e9018621377b6b7e9,2025-03-30T03:23:44Z,,78856ebc44b1450f890284cf6ec55448,Yes
spotify:track:7yNf9YjeO5JXUE3JEBgnYc,Babydoll,"Don't Forget About Me, Demos",Dominic Fike,6521770c9aeb4bffb740a9141e624077,2025-03-30T12:11:32Z,I mean it just fucking hits,78856ebc44b1450f890284cf6ec55448,Yes
spotify:track:1CExoYjHyP0NK7WkEobYpi,Turn Off The Light,"TURN OFF THE LIGHT, VOL. 1","Kim Petras, Elvira, Mistress of theDark",1cd356096fa0498aa955acf21944c65d,2025-04-07T18:16:25Z,"the prompt purists will hate the submission of a halloween banger with that signature sex coded petras aura. to analogize: in a league full of ""nightmare on elm street submissions"", this one is the ""scary movie"" of the category. ",9348b5306f7c4d9e9dd1b253809aabdf,Yes
spotify:track:29LsI5izZL8txZEJhegSBs,Ptolemaea,Preacher‚Äôs Daughter,Ethel Cain,8ad71d9554d24eaf877dda25758aae45,2025-04-05T20:07:54Z,i'm sorry it's long guys but listen to it all and tell me it's not eerie i dare you,9348b5306f7c4d9e9dd1b253809aabdf,Yes
spotify:track:2clWBiCpqRUssQH8FiTldc,Threnody to the Victims of Hiroshima,"Penderecki: Orchestral Works, Vol. 1","Krzysztof Penderecki, Cracow Philharmonic Orchestra, Wojciech Czepiel",043c232c2e1040a2bc082eac10f81f12,2025-04-08T02:40:55Z,The song matches the dark title. Brace yourself--you might not even be able to listen for very long because of how creepy it is. For best results play at full volume in the dark.,9348b5306f7c4d9e9dd1b253809aabdf,Yes
spotify:track:2R3g9k14OAcUzZYwo90Tx6,"John Wayne Gacy, Jr.",Illinois,Sufjan Stevens,0c04c978ff14409e9018621377b6b7e9,2025-04-08T03:22:52Z,,9348b5306f7c4d9e9dd1b253809aabdf,Yes
spotify:track:3WaDoMDQRqDdgtCDLxanpN,Snitches & Rats (feat. Young Nudy),SAVAGE MODE II,"21 Savage, Metro Boomin, Young Nudy",289b6ce1643d401f950a6eb514ddfd36,2025-04-08T03:13:29Z,One time 21 Savage tweeted something along the lines of ‚Äúatlanta we need to put the guns down and end the violence!‚Äù and i think about that a lot.,9348b5306f7c4d9e9dd1b253809aabdf,Yes
spotify:track:4DW2lrqT1pMgPAFZiWqtO6,Replica,Replica,Oneohtrix Point Never,eab45a88f95d4ae893e32ca723946d60,2025-04-05T19:06:10Z,the spirit of bladerunner,9348b5306f7c4d9e9dd1b253809aabdf,Yes
spotify:track:4SSnFejRGlZikf02HLewEF,bury a friend,"WHEN WE ALL FALL ASLEEP, WHERE DO WE GO?",Billie Eilish,2514636114c2431a903f1cad7eaf72e5,2025-04-07T18:26:22Z,"A lot of eerie songs are bad; This is eerie and good. 

And of Billie‚Äôs eerie album with eerie songs, this is the best and eeriest.",9348b5306f7c4d9e9dd1b253809aabdf,Yes
spotify:track:583nKvZJmUVTVFHdIrF6LX,Broken Belief,The Silence in Between,Bob Moses,80213310c71e48b297cb1223ff34a32c,2025-04-06T17:33:20Z,Sounds like a club song but the synth is so unsettling ,9348b5306f7c4d9e9dd1b253809aabdf,Yes
spotify:track:5Bkizyd5a3O51xhXpNUohq,Enlacing,Visions of Bodies Being Burned,clipping.,b610d55f12f147b89502873c4b93e5ef,2025-04-05T19:52:20Z,,9348b5306f7c4d9e9dd1b253809aabdf,Yes
spotify:track:5KwLjZ0oJ5kNl7jGtdiIOC,"The Beast - From ""Sicario""",Sicario (Original Motion Picture Soundtrack),J√≥hann J√≥hannsson,2188964000cf410c8dbf4fd04eb76fed,2025-04-08T02:40:05Z,Great movie if you‚Äôve never seen it.  ,9348b5306f7c4d9e9dd1b253809aabdf,No
spotify:track:7wFo5aWDI2HKjzDOauEs5D,U TRIED THAT THING WHERE UR HUMAN,SCRAPYARD,Quadeca,6521770c9aeb4bffb740a9141e624077,2025-04-05T19:06:27Z,This shit scares me,9348b5306f7c4d9e9dd1b253809aabdf,Yes
spotify:track:0IiO3BMMnQC14SGKfB3pZQ,Roses - Imanbek Remix / Latino Gang Version,Roses (Imanbek Remix / Latino Gang Version),"SAINt JHN, J Balvin, Imanbek",2514636114c2431a903f1cad7eaf72e5,2025-04-14T16:50:57Z,"This remix would have caused Revolutions in the 1700s. 

SAINt JHN, J Balvin, and Imanbek? In one song? That was once thought to be impossible. 

The original Roses Remix is a certified TROD (Top Remix of The Decade). Adding J Balvin to that is the cherry on top.",1eb25c33435c44fe82d12e7d956bcfe1,Yes
spotify:track:27NV2KxoQ8WuLMqlTDI61F,Often - Kygo Remix,Often (Kygo Remix),"The Weeknd, Kygo",8ad71d9554d24eaf877dda25758aae45,2025-04-15T00:41:57Z,"Gotta give Kygo credit for having the vision to turn the original song into a banger (Wanko's Definition). And he pulled it off, still goes hard",1eb25c33435c44fe82d12e7d956bcfe1,Yes
spotify:track:3V8UKqhEK5zBkBb6d6ub8i,Te Bot√© - Remix,Te Bot√© (Remix),"Nio Garcia, Casper Magico, Bad Bunny, Darell, Ozuna, Nicky Jam",289b6ce1643d401f950a6eb514ddfd36,2025-04-14T05:58:25Z,"Not to be confused with Nio Garcias original song, Te Bot√©, the 2018 smash hit remix included Ozuna, Bad Bunny, and Nicky Jam. These legendary reggaet√≥n artists were at the absolute height of their careers, and this hit only solidified them as one of the focal points of latin culture.

Ozuna and Darell have my favorite verses but every artist on this iconic remix shines.",1eb25c33435c44fe82d12e7d956bcfe1,Yes
spotify:track:4iCKHGl4ij4YMwFrUZLGEQ,Kill The Lights (with Nile Rodgers) - Audien Remix,Kill The Lights (with Nile Rodgers) [Remixes],"Alex Newell, Jess Glynne, DJ Cassidy, Nile Rodgers, Audien",6521770c9aeb4bffb740a9141e624077,2025-04-13T12:56:43Z,The original is a bop but this remix took that vibe and dialed it up to 11,1eb25c33435c44fe82d12e7d956bcfe1,Yes
spotify:track:5enxwA8aAbwZbf5qCHORXi,All Too Well (10 Minute Version) (Taylor's Version) (From The Vault),Red (Taylor's Version),Taylor Swift,eab45a88f95d4ae893e32ca723946d60,2025-04-13T15:56:03Z,"She‚Äôs featuring on her own song as the version of herself 9 years older.

It even has the awkward chemistry that doesn‚Äôt quite work ‚Äúand you were tossing the car keys, fuck the patriarchy‚Äù. It shows growth, character development, the chemistry between the two versions of herself isn‚Äôt quite perfect, but it‚Äôs genuine.

It may not say ‚Äúremix‚Äù in the title, but it has got to be one of the most unique and truly special remixes ever produced.",1eb25c33435c44fe82d12e7d956bcfe1,Yes
spotify:track:5PX4uS1LqlWEPL69phPVQQ,Pursuit Of Happiness - Extended Steve Aoki Remix,Pursuit Of Happiness [Extended Steve Aoki Remix (Explicit)],"Kid Cudi, MGMT, Ratatat, Steve Aoki",2188964000cf410c8dbf4fd04eb76fed,2025-04-13T14:07:39Z,,1eb25c33435c44fe82d12e7d956bcfe1,No
spotify:track:62N2JSA0jHmSH7Va9t7hIf,Habits (Stay High) - Hippie Sabotage Remix,Queen Of The Clouds,"Tove Lo, Hippie Sabotage",b610d55f12f147b89502873c4b93e5ef,2025-04-15T02:23:28Z,"The original version of this song is cool on its own but the remix transforms it into something better, a hallmark of all good remixes. The hook goes crazyyy with the added effects and you can really just sit into the bass",1eb25c33435c44fe82d12e7d956bcfe1,Yes
spotify:track:6CgnHnR0C1qsAiq4UAVO8B,Renaissance (The White Lotus) - Ti√´sto Remix,Renaissance (The White Lotus) [Ti√´sto Remix],"Ti√´sto, Cristobal Tapia De Veer",043c232c2e1040a2bc082eac10f81f12,2025-04-14T21:41:22Z,"White lotus fans, this one's for you. Tell me this doesn't get you ready to snort coke in the club. Way more hype than season 3 ending",1eb25c33435c44fe82d12e7d956bcfe1,Yes
spotify:track:6cjCrwKvOZJCUgEJ7UtikV,Collide - Astronaut & Barely Alive Remix,Collide (The Remixes),"Hellberg, Deutgen, SPLITBREED, BARELY ALIVE, Astronaut",80213310c71e48b297cb1223ff34a32c,2025-04-13T16:35:23Z,You already know,1eb25c33435c44fe82d12e7d956bcfe1,Yes
spotify:track:6nrSo5ZWhsai0oeX257rRF,Please Please Please (feat. Dolly Parton),Short n' Sweet (Deluxe),"Sabrina Carpenter, Dolly Parton",1cd356096fa0498aa955acf21944c65d,2025-04-13T04:59:28Z,"if the nba was a league of blonde women, this would be the equivalent of lebron and bronny playing together. dolly‚Äòs presence here reimagines one of pop‚Äòs biggest hits as a folk ballad. 

sabrina even altered the song‚Äôs most quoted line to pay her respects to the queen of country. ",1eb25c33435c44fe82d12e7d956bcfe1,Yes
spotify:track:6PUIzlqotEmPuBfjbwYWOB,Summertime Sadness (Lana Del Rey Vs. Cedric Gervais) - Cedric Gervais Remix,Summertime Sadness (Lana Del Rey Vs. Cedric Gervais) [Cedric Gervais Remix],"Lana Del Rey, Cedric Gervais",0c04c978ff14409e9018621377b6b7e9,2025-04-13T04:03:45Z,hot and fresh out the kitchen,1eb25c33435c44fe82d12e7d956bcfe1,Yes
spotify:track:0MZ7Qj5BoJNTsFYDLPufVt,Boots Don't,Twisters: The Album,"Shania Twain, BRELAND",80213310c71e48b297cb1223ff34a32c,2025-04-19T16:05:38Z,Shania‚Äôs still got it ,6685d20e354742a7988d190c74888b86,No
spotify:track:13QjwdjKiFrKzYznJu6iiP,bauch beine po,Schlau aber blond,Shirin David,1cd356096fa0498aa955acf21944c65d,2025-04-22T03:42:20Z,"sie sagt ‚ÄûBitches brauchen Rap‚Äú and i think about that a lot ‚ö°Ô∏è

imo this is the 2025 german version of work bitch by britney spears‚Äîhope u enjoy xoxoüòö",6685d20e354742a7988d190c74888b86,Yes
spotify:track:1D1xx5WLG2KjymnTEiGil3,PUSH 2 START,PUSH 2 START,Tyla,2514636114c2431a903f1cad7eaf72e5,2025-04-20T16:28:13Z,"Released October 9, 2024",6685d20e354742a7988d190c74888b86,Yes
spotify:track:1eTaznNW4Xxtx9za2SMTXB,DENIAL IS A RIVER,Alligator Bites Never Heal,Doechii,b610d55f12f147b89502873c4b93e5ef,2025-04-21T21:08:46Z,This track is simply phenomenal from the beat to the rapping. Doechii‚Äôs style is fresh and she showcases all of her talent throughout but particularly ‚Äúnow I‚Äôm making tik tok music what THE fuck‚Äù and her ability to rap at different cadences in different voices. I think it‚Äôs a very well done modern rendition of the ‚Äútalking with my conscience‚Äù trope even if that isn‚Äôt inherently new. Easily a top new artist of the past year,6685d20e354742a7988d190c74888b86,Yes
spotify:track:367CDUovzWoyhxNF18uVrd,Stupid,Elite Vessel,Lexa Gates,289b6ce1643d401f950a6eb514ddfd36,2025-04-22T02:09:03Z,"A legend on the rise. From queens, shes authentic, relatable, and one of the most polished rappers out of new york. Its the songs vulnerability that strikes a chord with me - ‚Äúyou‚Äôre using to doing what the (hot girls? Genius says higher ups) let you. Sometimes i really wish i never met you. Im acting stupid that was normal girls do‚Äù i actually feel sad when i hear that line. And then the beat, that vocal sample. Her ability to hit the low notes - Amy Winehouse esque. Lexa gates is different man",6685d20e354742a7988d190c74888b86,Yes
spotify:track:3BnXwrGZwJ2kDtACt4TOIX,The Actor,The Actor,Folk Bitch Trio,0c04c978ff14409e9018621377b6b7e9,2025-04-21T12:20:32Z,this came out last week,6685d20e354742a7988d190c74888b86,Yes
spotify:track:4rMHek5bmv8XWHi4ByKjU2,Wanderlust,EUSEXUA,FKA twigs,eab45a88f95d4ae893e32ca723946d60,2025-04-20T17:14:37Z,If Bj√∂rk and Frank Ocean had a child,6685d20e354742a7988d190c74888b86,Yes
spotify:track:5iWNskrPocMh7z8CwUBSRe,Elevate,Elevate,Nao,8ad71d9554d24eaf877dda25758aae45,2025-04-22T03:54:39Z,"this song is sooo smooth. and the guitar solo finish,‚ö°",6685d20e354742a7988d190c74888b86,Yes
spotify:track:5vYjTN8d0DZ2SosbKSx5Nj,OMG,Memoir of a Sparklemuffin,Suki Waterhouse,6521770c9aeb4bffb740a9141e624077,2025-04-19T15:10:44Z,,6685d20e354742a7988d190c74888b86,No
spotify:track:5ZLUm9eab8y3tqQ1OhQSHI,Abracadabra,Abracadabra,Lady Gaga,043c232c2e1040a2bc082eac10f81f12,2025-04-21T22:48:02Z,,6685d20e354742a7988d190c74888b86,No
spotify:track:73WUUh7anm2SS0pNHIZEd3,Trouble,Trouble,Delacey,2188964000cf410c8dbf4fd04eb76fed,2025-04-22T03:56:52Z,Super relatable song by an artist that doesn‚Äôt get enough mainstream love. I took this challenge to highlight artists who deserve more kudos. Everyone has that person who just makes them feel some type of way and you do stupid things for them.,6685d20e354742a7988d190c74888b86,Yes
spotify:track:1PJe42QnCMD6JqhcooaWzc,Apple featuring the japanese house,Brat and it‚Äôs completely different but also still brat,"Charli xcx, The Japanese House",8ad71d9554d24eaf877dda25758aae45,2025-04-28T06:42:37Z,"This song hits me hard since it feels like it could've been written about my relationship with my mother, especially Amber's verses on this remix (which despite getting no love compared to the original, is better. fight me !). So it's cathartic as fuck to get down to it",9dc4147ff30240708c1065519f8bece6,Yes
spotify:track:23oxJmDc1V9uLUSmN2LIvx,Ocean Avenue,Ocean Avenue,Yellowcard,80213310c71e48b297cb1223ff34a32c,2025-04-27T17:12:23Z,,9dc4147ff30240708c1065519f8bece6,No
spotify:track:2aibwv5hGXSgw7Yru8IYTO,Snow (Hey Oh),Stadium Arcadium,Red Hot Chili Peppers,289b6ce1643d401f950a6eb514ddfd36,2025-04-27T16:16:32Z,"This fast beat song discusses themes such as struggles with addiction, self doubt, and a general feeling of confusion and being lost. 

Despite that, this track just MOVES. The past pace guitar progression + verse actually always made this song kind of feel uplifting to me.",9dc4147ff30240708c1065519f8bece6,Yes
spotify:track:2bdcFXS61ey6x6Y1andx0F,99 Red Balloons,99 Luftballons,Nena,2514636114c2431a903f1cad7eaf72e5,2025-04-28T13:18:54Z,"This is a fun party song from the 80s, right? 

No ‚Äî its about a nuclear holocaust. 

The song, released during the Cold War by the West German band Nena, tells the story of a civilian letting go of ""red balloons,"" mistakenly registered by an early warning system as enemy missiles, eventually leading to nuclear war.

""Panic bells, it's red alert...
The war machine springs to life...
It's all over and I'm standing pretty,
In this dust that was a city""

https://www.youtube.com/watch?v=Fpu5a0Bl8eY",9dc4147ff30240708c1065519f8bece6,Yes
spotify:track:2mNUSPQ9NfBlSrrpd6Isor,Night Vision Binoculars,Wicked Man's Rest,Passenger,2188964000cf410c8dbf4fd04eb76fed,2025-04-28T17:41:25Z,A great bop with real creepy lyrics,9dc4147ff30240708c1065519f8bece6,No
spotify:track:2qTy3hGSbxoSenKmlKGHFw,Los Ageless,MASSEDUCTION,St. Vincent,1cd356096fa0498aa955acf21944c65d,2025-04-27T21:23:26Z,"This song was always on my freshman roommate‚Äòs Friday night rotation and I only recently learned that it was about desiring to escape the Horrors of Hollywood only to end up joining the 27 club. Shit bangs, especially leading into the 2nd chorus. 

Fun fact: this was one of two songs about driving into the ocean that I considered. ",9dc4147ff30240708c1065519f8bece6,Yes
spotify:track:3R36WW9YExwibohhcqWHSU,Alcohol,Stunt (20th Anniversary Edition),Barenaked Ladies,6521770c9aeb4bffb740a9141e624077,2025-04-27T14:13:01Z,This came down to two songs but I decided to go with my heart and reveal to you all a BNL deep cut with this one. An upbeat banger that also teaches us about the horrors of alcoholism,9dc4147ff30240708c1065519f8bece6,Yes
spotify:track:4w3tQBXhn5345eUXDGBWZG,9 to 5,9 To 5 And Odd Jobs,Dolly Parton,0c04c978ff14409e9018621377b6b7e9,2025-04-28T17:58:44Z,help,9dc4147ff30240708c1065519f8bece6,Yes
spotify:track:6CThut6kPrjot0pTJOTEer,TRUCK BED,the mockingbird & THE CROW,HARDY,b610d55f12f147b89502873c4b93e5ef,2025-04-28T03:42:01Z,"A song about being a drunkard, getting kicked out of your house and destroying your relationship would not normally be recorded as an upbeat country-rap anthem by anyone with a functioning brain but here we are. Thanks for this one HARDY",9dc4147ff30240708c1065519f8bece6,Yes
spotify:track:6yLX8QnxlnEqZfs3YKCfjF,Tears Dry On Their Own,Back To Black,Amy Winehouse,eab45a88f95d4ae893e32ca723946d60,2025-04-27T14:54:22Z,"From genius:

‚Äò‚Äô‚Äô 
The track also samples Marvin Gaye and Tammi Terrell‚Äôs 1967 ‚ÄúAin‚Äôt No Mountain High Enough.‚Äù While the song was originally a much slower tempo, Remi was able to picture the song having a more upbeat, ‚ÄúMotown‚Äù tempo after hearing the original instrumentals to ‚ÄúAin‚Äôt No Mountain High Enough.‚Äù
‚Äò‚Äô‚Äô

https://genius.com/Amy-winehouse-tears-dry-on-their-own-lyrics",9dc4147ff30240708c1065519f8bece6,Yes
spotify:track:7w87IxuO7BDcJ3YUqCyMTT,Pumped Up Kicks,Torches,Foster The People,043c232c2e1040a2bc082eac10f81f12,2025-04-28T17:47:34Z,Bit too obvious/popular? Maybe. But this is the only unapologetic banger with these lyrics that will ever exist,9dc4147ff30240708c1065519f8bece6,Yes
spotify:track:087OBLtoeS3Q6j0k6tMNAI,Closing Time,Feeling Strangely Fine,Semisonic,8ad71d9554d24eaf877dda25758aae45,2025-05-05T18:18:09Z,"True story: Mr. McGee for some reason said ""you don't have to go home but you can't stay here"" in class and i was like why are you quoting Semisonic and he thought it was the funniest thing that I thought Semisonic invented that line. Like he took off his glasses and laughed hard, and brought it up multiple times later that semester. Anyway, great song.",dd848eab295e4757881e2b2eaecbbdbc,Yes
spotify:track:0mUyMawtxj1CJ76kn9gIZK,Bad Day,Daniel Powter,Daniel Powter,b610d55f12f147b89502873c4b93e5ef,2025-05-03T18:07:45Z,"Daniel Powter is the definition of a one hit wonder, and this song bangs. Bad Day hit #1 on the charts and had lots of radio play while overshadowing everything else he tried to do. I still jam out to this song in malls and grocery stores and it's stood the test of time.",dd848eab295e4757881e2b2eaecbbdbc,Yes
spotify:track:13P5rwmk2EsoFRIz9UCeh9,Cool Kids,Talking Dreams (Deluxe Edition),Echosmith,289b6ce1643d401f950a6eb514ddfd36,2025-05-04T20:35:56Z,"Not sure how you guys are going to feel about this one, but for all intents and purposes, this IS a one hit wonder. They were <18 when these siblings wrote this song and they pretty much went on to do nothing after this album was released. Id say the only reason why they had some other popular songs was because of the success of this song.

I will say, i do think this song is actually good. Im way too old for it now but 14 year old me related so hard to it.",dd848eab295e4757881e2b2eaecbbdbc,Yes
spotify:track:22HYEJveCvykVDHDiEEmjZ,Tubthumping,Tubthumper,Chumbawamba,6521770c9aeb4bffb740a9141e624077,2025-05-03T18:18:24Z,I bet most of you have never heard the outro to this song. It remains one of the truly most unexpected switch ups I've heard. I recognize that there are better songs; that there are more interesting songs; but damn if this song doesn't just make me smile. ,dd848eab295e4757881e2b2eaecbbdbc,Yes
spotify:track:25FTMokYEbEWHEdss5JLZS,Teenage Dirtbag,Wheatus,Wheatus,0c04c978ff14409e9018621377b6b7e9,2025-05-03T18:23:39Z,:),dd848eab295e4757881e2b2eaecbbdbc,Yes
spotify:track:3MrWxJaD2AT0W9DjWF64Vm,Come On Eileen,Too Rye Ay,Dexys Midnight Runners,2514636114c2431a903f1cad7eaf72e5,2025-05-06T01:49:59Z,"Dexys Midnight Runners released their first song nearly FIFTY years ago. ""Come on Eileen,"" released 42 years ago, is their only to ever chart in the US Billboard Hot 100 songs...where it reached #1. 

They've been releasing new music (which you haven't heard) over the past 42 years, none that hold a candle to Come on Eileen",dd848eab295e4757881e2b2eaecbbdbc,Yes
spotify:track:3vv9phIu6Y1vX3jcqaGz5Z,Roses,Roses,"The Chainsmokers, ROZES",1cd356096fa0498aa955acf21944c65d,2025-05-05T03:46:49Z,"feature artists can be one hit wonders as per the prompt: Rozes sang her heart out here & has not even come close to a fraction of the notoriety  since (although i do fw some of her songs). 

also this song is nothing but a cheeky instrumental without her heavenly vocals (ahahhh-ahahhh-ahhh) this song is nothing. 

vote for it, don‚Äôt vote for it, but i‚Äôll probably listen to it 44 times this week so that‚Äôs nice ",dd848eab295e4757881e2b2eaecbbdbc,Yes
spotify:track:5hqVCLyCQJA24IupqEEmvL,BTSTU - Edit,BTSTU (Edit),Jai Paul,eab45a88f95d4ae893e32ca723946d60,2025-05-04T03:40:03Z,"Your mom is a one hit wonder ü§∞ü§∞ü§∞

Watch this and tell me this song isn‚Äôt a one hit wonder https://youtu.be/6oCIhgep34w?si=-1kRqjeBRv5puY3k. The lore is insane.",dd848eab295e4757881e2b2eaecbbdbc,Yes
spotify:track:5ItzU5pBrFmRUudfr5RkJP,Swag Surfin',Jamboree,"F.L.Y. (Fast Life Yungstaz), Easton",80213310c71e48b297cb1223ff34a32c,2025-05-04T05:48:01Z,,dd848eab295e4757881e2b2eaecbbdbc,No
spotify:track:6fTdcGsjxlAD9PSkoPaLMX,Sunday Candy,Surf,Nico Segal,043c232c2e1040a2bc082eac10f81f12,2025-05-04T00:45:09Z,This eclectic jazzy song is just as good today as it was when it dropped in high school.,dd848eab295e4757881e2b2eaecbbdbc,Yes
spotify:track:6RtPijgfPKROxEzTHNRiDp,Rude,Don't Kill the Magic,MAGIC!,2188964000cf410c8dbf4fd04eb76fed,2025-05-03T18:21:58Z,,dd848eab295e4757881e2b2eaecbbdbc,No
spotify:track:0jCGo9MLTR98iPUQCT0p5r,My Song 5,Days Are Gone,HAIM,8ad71d9554d24eaf877dda25758aae45,2025-05-11T11:44:16Z,"""HAIM‚Äôs sound, in the simplest of terms, feels like the sultry soundtrack of a walk down the Venice Beach Boardwalk in the ‚Äò80s."" - some reviewer

This song though, is not like that

",0314ae2a17b349e2aac6ffe30e734494,Yes
spotify:track:1Cj2vqUwlJVG27gJrun92y,The Sound of Silence,Immortalized,Disturbed,b610d55f12f147b89502873c4b93e5ef,2025-05-10T22:50:44Z,"This epic orchestral cover is both amazing and much different from disturbed‚Äôs usual hard rock/metal vibe. It also happens to be one of their most popular because it‚Äôs just so well done. It stands out as a unique and beautiful piece, especially next to their other popular song famous for it‚Äôs screamed ‚Äúwa-ah-ah-ah‚Äù",0314ae2a17b349e2aac6ffe30e734494,Yes
spotify:track:1dEy9Pl81QopSxNsPxXQxv,Stay,Unapologetic (Deluxe),"Rihanna, Mikky Ekko",2188964000cf410c8dbf4fd04eb76fed,2025-05-13T03:36:01Z,"S&M, umbrella, good girl gone bad, only girl in the world, SOS, etc. Stay definitely sticks out to me as a popular song but being quite different from the rest.",0314ae2a17b349e2aac6ffe30e734494,No
spotify:track:1FTSo4v6BOZH9QxKc3MbVM,Song 2 - 2012 Remaster,Blur (Special Edition),Blur,80213310c71e48b297cb1223ff34a32c,2025-05-12T05:28:24Z,"Despite being their best known song, this is really out of place on Blur‚Äôs discography. Their usual stuff is lofi alternative rock, and in their later years they worked with a lot of electronic and even some gospel. It‚Äôs really the only punky one if you listen to their top Spotify songs. ",0314ae2a17b349e2aac6ffe30e734494,Yes
spotify:track:2DOLnbsYoLcEWQXPlYlLiT,Running Up That Hill,Running Up That Hill,Kim Petras,1cd356096fa0498aa955acf21944c65d,2025-05-11T04:00:30Z,"going back to my roots for this one. would you expect the woman who made Coconuts, Slut Pop, and Slut Pop: Miami to cover this?

she‚Äôs so talented when the post nut clarity hits ‚ö°Ô∏è‚ö°Ô∏è‚ö°Ô∏è‚ö°Ô∏è‚ö°Ô∏è‚ö°Ô∏è‚ö°Ô∏è‚ö°Ô∏è‚ö°Ô∏è",0314ae2a17b349e2aac6ffe30e734494,Yes
spotify:track:3YKAaNsQ9i5oiSPeDw5PxV,If The Car Beside You Moves Ahead,If The Car Beside You Moves Ahead,James Blake,eab45a88f95d4ae893e32ca723946d60,2025-05-10T22:51:57Z,"James has a lot of unusual music, but this one really stands out. I really like this song and wish there was a whole album or ep that sounded like this, but it‚Äôs really just this one song, there‚Äôs nothing quite like it in his catalogue.",0314ae2a17b349e2aac6ffe30e734494,Yes
spotify:track:4NO0dOw4DLH7LgKLr16HDb,Dolly,Pop?,Tierra Whack,0c04c978ff14409e9018621377b6b7e9,2025-05-12T19:19:26Z,she switched up her whole flow !,0314ae2a17b349e2aac6ffe30e734494,Yes
spotify:track:5aWhs651KYM26HYM16kRdk,The Man,Wonderful Wonderful,The Killers,6521770c9aeb4bffb740a9141e624077,2025-05-13T00:54:23Z,Motherfuckers it do be different,0314ae2a17b349e2aac6ffe30e734494,No
spotify:track:5ZBeML7Lf3FMEVviTyvi8l,Twist And Shout - Remastered 2009,Please Please Me (Remastered),The Beatles,043c232c2e1040a2bc082eac10f81f12,2025-05-12T20:25:23Z,"I didn't know this song was a Beatles song for a long time, and that's partially because it's not. It's a cover that became way bigger than the original. A very different sound from their usual tracks and was an iconic recording, including appearing in Ferris Bueller's Day Off:",0314ae2a17b349e2aac6ffe30e734494,Yes
spotify:track:6pD0ufEQq0xdHSsRbg9LBK,un x100to,un x100to,"Grupo Frontera, Bad Bunny",2514636114c2431a903f1cad7eaf72e5,2025-05-13T00:51:49Z,"Look at the album cover and see who stands out to you. 

This is a cumbia norte√±as song, regional Mexican music, written by Bad Bunny and grupo frontera, known for their regional Mexican style. 

This is Bad Bunny‚Äôs only song in this style and it‚Äôs fire ",0314ae2a17b349e2aac6ffe30e734494,Yes
spotify:track:6XkuklKiHYVTlVvWlTgQYP,Erase Me - Main,Man On The Moon II: The Legend Of Mr. Rager,"Kid Cudi, Kanye West",289b6ce1643d401f950a6eb514ddfd36,2025-05-12T20:08:24Z,"Kid Cudi‚Äôs rock and roll track with kanye. The man on the moon took a different direction with this, showing us you can‚Äôt just box him in the rap genre. And he killt it.",0314ae2a17b349e2aac6ffe30e734494,Yes
